"Nombre","Inicio","Deporte","Distancia","Duración","Velocidad media","Calorías","Calorías (/hora)","Pulso promedio","Aumento del Desnivel","Temperatura"
"Cycling: Road","2021-05-30 11:09:26","Carretera","20,04 km","42:26","28,3 km/h","506","715","144","152","22,3"
"Cycling: Road","2021-05-28 08:51:04","Carretera","100,29 km","3:21:59","29,8 km/h","1.799","534","131","610","16,6"
"Cycling: Road","2021-05-26 08:51:07","Carretera","124,78 km","4:44:16","26,3 km/h","2.741","579","140","1.751","15,9"
"Cycling: Road","2021-05-24 10:46:51","Carretera","36,25 km","1:18:23","27,7 km/h","643","492","124","186","16,2"
"Cycling: Mountain","2021-05-23 09:20:16","Montaña","78,61 km","3:10:01","24,8 km/h","2.031","641","143","381","13,9"
"Cycling: Road","2021-05-20 11:57:24","Carretera","25,02 km","58:44","25,6 km/h","528","539","130","344","17,6"
"Cycling: Road","2021-05-16 07:32:40","Carretera","105,19 km","4:00:04","26,3 km/h","2.337","584","142","1.630","16,0"
"Cycling: Mountain","2021-05-14 15:27:28","Montaña","12,53 km","42:51","17,5 km/h","471","659","144","288","16,8"
"Cycling: Road","2021-05-12 09:15:56","Carretera","83,03 km","2:57:37","28,0 km/h","1.699","574","135","656","13,2"
"Cycling: Road","2021-05-10 09:17:59","Carretera","53,71 km","2:01:10","26,6 km/h","1.075","532","127","476","15,8"
"Cycling: Road","2021-05-09 10:18:21","Carretera","60,81 km","2:11:23","27,8 km/h","1.333","609","140","579","16,9"
"Cycling: Road","2021-05-07 08:32:25","Carretera","112,16 km","4:38:55","24,1 km/h","2.462","530","135","1.879","16,5"
"Cycling: Road","2021-05-05 09:19:13","Carretera","74,43 km","2:58:28","25,0 km/h","1.651","555","139","1.235","13,4"
"Cycling: Road","2021-05-04 09:15:08","Carretera","78,12 km","2:56:31","26,6 km/h","1.658","564","139","1.018","12,4"
"Cycling: Road","2021-04-30 09:21:42","Carretera","69,15 km","2:33:17","27,1 km/h","1.474","577","142","759","13,1"
"Turó BTT","2021-04-23 09:14:19","Montaña","56,25 km","3:31:20","16,0 km/h","1.847","524","135","1.578","11,6"
"Cycling: Road","2021-04-19 09:12:48","Carretera","82,36 km","2:59:40","27,5 km/h","1.546","516","133","881","8,1"
"Cycling: Mountain","2021-04-18 10:59:22","Montaña","40,13 km","2:11:10","18,4 km/h","1.249","571","139","759","12,7"
"Cycling: Road","2021-04-16 09:16:46","Carretera","77,61 km","2:52:19","27,0 km/h","1.420","494","131","724","10,3"
"Cycling: Road","2021-04-14 09:12:36","Carretera","80,17 km","3:11:45","25,1 km/h","1.774","555","137","1.417","11,3"
"Cycling: Road","2021-04-13 09:17:05","Carretera","72,90 km","2:35:51","28,1 km/h","1.460","562","136","667","8,0"
"Cycling: Road","2021-04-08 09:26:23","Carretera","73,75 km","2:46:37","26,6 km/h","1.527","550","136","818","10,9"
"Sant Miquel del Fai amb grupeta Salva","2021-04-04 07:55:08","Carretera","109,69 km","4:11:03","26,2 km/h","2.251","538","136","1.659","16,0"
"Girona amb grupeta Lina","2021-04-02 10:35:32","Carretera","79,60 km","3:03:13","26,1 km/h","1.352","443","129","842","19,0"
"Sant Hilari amb grupeta Lina","2021-04-01 09:33:25","Carretera","114,29 km","4:55:30","23,2 km/h","2.673","543","136","1.993","19,7"
"Antenes amb Francesc","2021-03-31 09:46:25","Carretera","74,52 km","2:59:53","24,9 km/h","1.672","558","138","1.280","17,2"
"Costa","2021-03-30 10:26:38","Carretera","54,05 km","2:02:41","26,4 km/h","1.169","572","139","683","18,2"
"Cycling: Road","2021-03-26 09:05:51","Carretera","54,78 km","2:09:19","25,4 km/h","1.187","551","139","874","14,1"
"Cycling: Road","2021-03-24 09:19:43","Carretera","71,49 km","2:36:53","27,3 km/h","1.294","495","128","409","16,5"
"Cycling: Road","2021-03-23 09:48:26","Carretera","71,88 km","2:35:12","27,8 km/h","1.408","544","134","398","14,3"
"Cycling: Road","2021-03-21 08:51:44","Carretera","90,27 km","3:28:59","25,9 km/h","1.851","531","136","1.148","12,4"
"Cycling: Road","2021-03-18 09:04:08","Carretera","68,63 km","2:42:36","25,3 km/h","1.469","542","135","1.178","12,9"
"Cycling: Road","2021-03-16 09:52:31","Carretera","69,02 km","2:28:57","27,8 km/h","1.565","630","142","848","14,3"
"Cycling: Mountain","2021-03-14 09:15:47","Montaña","60,37 km","3:11:21","18,9 km/h","1.665","522","135","1.063","14,1"
"Cycling: Road","2021-03-12 09:08:56","Carretera","84,31 km","3:03:24","27,6 km/h","1.545","505","132","447","14,3"
"Resistencia aeróbica 65-75%","2021-03-10 09:21:37","Carretera","71,81 km","2:33:02","28,2 km/h","1.416","555","133","412","12,5"
"Resistencia aeróbica 65-70%","2021-03-09 09:31:34","Carretera","71,27 km","2:32:07","28,1 km/h","1.433","565","134","402","13,3"
"Salida libre MTB","2021-03-07 09:07:48","Montaña","53,72 km","3:06:16","17,3 km/h","1.313","423","120","883","14,3"
"Road resistencia aeróbica 65-75%","2021-03-05 09:47:50","Carretera","13,01 km","28:19","27,6 km/h","284","602","125","97","13,3"
"Resistencia aeróbica 65-70%","2021-03-04 09:19:42","Carretera","71,27 km","2:30:20","28,4 km/h","1.333","532","132","397","14,7"
"Series FRS 6x1km 80-85%","2021-03-03 09:42:03","Carretera","61,62 km","2:22:54","25,9 km/h","1.232","517","135","717","14,1"
"Recu activa","2021-03-01 08:57:04","Carretera","24,19 km","56:56","25,5 km/h","513","541","124","133","12,6"
"Salida libre","2021-02-28 10:25:15","Carretera","74,38 km","2:49:26","26,3 km/h","1.827","647","146","1.246","15,0"
"Series resistencia aeróbica 2x(4x20'') + 15' 80%","2021-02-26 10:07:19","Carretera","58,74 km","2:05:13","28,1 km/h","1.210","580","136","297","13,1"
"Salida libre","2021-02-24 08:02:35","Carretera","65,21 km","2:21:52","27,6 km/h","1.282","542","140","646","13,4"
"Series FRS 4xCollet","2021-02-23 09:24:54","Carretera","69,97 km","2:40:56","26,1 km/h","1.451","541","133","662","15,0"
"Resistencia aeróbica 65-70%","2021-02-21 10:37:18","Carretera","65,63 km","2:33:14","25,7 km/h","1.191","466","124","352","14,8"
"Road base 70-80% puertos 80-85%","2021-02-19 08:40:34","Carretera","107,10 km","3:24:02","31,5 km/h","2.210","650","144","725","13,5"
"Cycling: Road","2021-02-17 09:11:11","Carretera","58,97 km","2:05:36","28,2 km/h","1.162","555","140","530","12,3"
"Salida libre puertos 80-85% (Tibidabo)","2021-02-15 08:39:28","Carretera","98,14 km","3:47:05","25,9 km/h","2.125","561","136","1.002","9,1"
"Road Base 70-75% puertos 80-85%","2021-02-11 08:36:02","Carretera","70,81 km","2:40:18","26,5 km/h","1.427","534","134","823","9,1"
"Cycling: Road","2021-02-10 08:42:40","Carretera","71,72 km","2:40:01","26,9 km/h","1.265","474","126","391","10,0"
"Cycling: Road","2021-02-09 11:20:34","Carretera","39,90 km","1:30:20","26,5 km/h","694","461","121","246","12,4"
"Salida libre MTB","2021-02-06 08:44:04","Montaña","68,32 km","4:03:41","16,8 km/h","1.899","468","132","1.140","15,0"
"Road Base 75-80%","2021-02-05 08:18:12","Carretera","91,11 km","3:31:37","25,8 km/h","1.743","494","132","1.106","12,0"
"Road Base 75-80% puertos 80-85%","2021-02-04 08:23:10","Carretera","91,98 km","3:26:58","26,7 km/h","1.853","537","135","958","12,6"
"Cycling: Road","2021-02-03 09:33:41","Carretera","65,35 km","2:37:33","24,9 km/h","1.128","430","121","536","15,9"
"Cycling: Road","2021-02-02 08:42:57","Carretera","78,91 km","2:51:29","27,6 km/h","1.671","585","139","757","14,3"
"Cycling: Road","2021-01-31 09:18:51","Carretera","106,95 km","4:12:10","25,4 km/h","2.028","483","130","631","13,9"
"Road Base 60-70%","2021-01-29 09:04:34","Carretera","100,28 km","3:42:48","27,0 km/h","1.917","516","133","627","14,8"
"Road Base 75-80% + 30' 80-82%","2021-01-28 09:02:03","Carretera","73,36 km","2:30:01","29,3 km/h","1.521","608","140","389","13,2"
"Road Base 75-80% puertos 80-85%","2021-01-27 09:58:53","Carretera","71,68 km","2:32:31","28,2 km/h","1.536","604","143","588","11,3"
"Road base 75-80%","2021-01-26 13:07:10","Carretera","34,62 km","1:14:16","28,0 km/h","869","702","143","187","11,0"
"Road Base 65-70%","2021-01-24 09:47:07","Carretera","96,70 km","3:44:27","25,8 km/h","1.796","480","133","576","12,6"
"Road Base 70-75% + 30' 75-80%","2021-01-23 09:32:13","Carretera","66,77 km","2:26:54","27,3 km/h","1.359","555","137","425","9,6"
"BTT","2021-01-21 10:22:05","Montaña","30,58 km","1:37:31","18,8 km/h","868","534","136","469","12,3"
"Cycling: Road","2021-01-20 09:31:08","Carretera","74,29 km","2:58:06","25,0 km/h","1.381","465","127","511","10,6"
"Cycling: Road","2021-01-19 11:13:33","Carretera","36,97 km","1:25:05","26,1 km/h","692","488","127","220","11,2"
"Cycling: Road","2021-01-17 10:38:53","Carretera","72,09 km","2:52:18","25,1 km/h","1.293","450","129","419","12,8"
"Road Base 65-70%","2021-01-16 10:57:21","Carretera","54,88 km","2:06:24","26,1 km/h","923","438","126","279","10,2"
"Road Base 65-75%","2021-01-14 09:57:59","Carretera","72,73 km","2:54:42","25,0 km/h","1.281","440","124","429","10,1"
"Road Base 70-75%","2021-01-12 11:09:37","Carretera","45,52 km","1:39:19","27,5 km/h","896","541","133","256","7,4"
"Road Base 70-75%","2021-01-10 11:08:27","Carretera","47,47 km","1:55:21","24,7 km/h","983","511","134","346","8,0"
"Road Base 70-75%","2021-01-08 09:08:16","Carretera","89,42 km","3:25:45","26,1 km/h","1.572","458","131","502","5,3"
"Road Base 70-75%","2021-01-07 09:32:50","Carretera","77,03 km","2:57:22","26,1 km/h","1.422","481","133","435","5,5"
"Road Base 70-75%","2021-01-06 11:27:52","Carretera","55,60 km","2:00:51","27,6 km/h","1.062","527","137","293","7,8"
"Road Base 70-75%","2021-01-05 11:08:38","Carretera","40,11 km","1:28:32","27,2 km/h","824","558","135","245","6,6"
"Road Base 70-75%","2021-01-03 09:46:29","Carretera","79,00 km","3:01:06","26,2 km/h","1.601","530","138","462","5,4"
"Road Base 70-75%","2021-01-02 11:07:15","Carretera","51,24 km","1:48:57","28,2 km/h","988","544","136","265","7,8"
"Road Base 70-75%","2021-01-01 10:06:55","Carretera","69,92 km","2:34:34","27,1 km/h","1.318","512","135","402","7,8"
"Road Base 70-75%","2020-12-29 09:28:14","Carretera","65,72 km","2:22:33","27,7 km/h","1.270","535","136","339","9,0"
"Road Base 65-70%","2020-12-27 11:59:03","Carretera","49,50 km","1:56:47","25,4 km/h","950","488","132","279","8,3"
"Road Base 65-70%","2020-12-25 11:36:37","Carretera","51,93 km","2:00:30","25,9 km/h","912","454","126","260","10,8"
"Road Base 65-70%","2020-12-24 11:09:11","Carretera","37,01 km","1:29:32","24,8 km/h","719","482","129","214","12,5"
"Road Base 65-70%","2020-12-22 11:17:37","Carretera","38,77 km","1:28:46","26,2 km/h","718","485","128","217","15,3"
"Road Base 65-70% + 70-75%","2020-12-20 09:14:17","Carretera","70,51 km","2:41:55","26,1 km/h","1.375","510","133","328","13,5"
"Road Base 65-70%","2020-12-19 10:08:47","Carretera","39,18 km","1:34:31","24,9 km/h","781","496","127","267","12,6"
"Road Base 65-70%","2020-12-16 11:04:52","Carretera","44,48 km","1:42:44","26,0 km/h","816","477","127","251","14,5"
"Road Base 65-70% + 70-75%","2020-12-14 10:15:36","Carretera","49,75 km","1:54:57","26,0 km/h","906","473","129","275","13,2"
"Road Base 65-70%","2020-12-13 10:41:18","Carretera","58,05 km","2:14:41","25,9 km/h","982","437","127","308","12,7"
"Road Base 65-70%","2020-12-12 10:20:34","Carretera","45,37 km","1:46:59","25,4 km/h","823","462","128","256","11,8"
"Road Base 65-70%","2020-12-10 10:47:00","Carretera","40,91 km","1:37:29","25,2 km/h","756","465","127","243","11,9"
"Road Base 65-70%","2020-12-08 09:30:46","Carretera","39,51 km","1:37:32","24,3 km/h","833","512","128","249","9,0"
"Road Base 65-70%","2020-12-06 10:12:35","Carretera","50,50 km","2:02:37","24,7 km/h","879","430","126","274","7,9"
"Road Base 65-70%","2020-12-04 10:51:25","Carretera","39,61 km","1:36:11","24,7 km/h","816","509","129","236","12,0"
"Road Base 65-70%","2020-12-02 10:17:25","Carretera","40,95 km","1:38:21","25,0 km/h","793","484","126","244","10,0"
"Road Base 65-70%","2020-11-30 09:23:49","Carretera","37,02 km","1:32:12","24,1 km/h","693","451","127","205","12,5"
"Gravel","2020-11-29 16:20:23","Montaña","14,44 km","57:21","15,1 km/h","350","366","119","125","15,5"
"Cycling: Road","2020-11-14 11:10:08","Carretera","49,40 km","1:53:18","26,2 km/h","791","419","124","277","19,2"
"Cycling: Road","2020-11-10 09:36:47","Carretera","51,98 km","2:01:23","25,7 km/h","847","419","124","249","17,6"
"Gravel","2020-11-08 15:59:39","Montaña","27,64 km","1:39:57","16,6 km/h","609","366","118","260","17,5"
"Cycling: Road","2020-11-05 10:39:05","Carretera","39,76 km","1:31:02","26,2 km/h","712","469","124","204","16,6"
"Gravel","2020-11-03 10:58:46","Montaña","38,06 km","1:39:41","22,9 km/h","968","583","141","483","20,4"
"Cycling: Road","2020-11-02 11:49:58","Carretera","24,31 km","48:10","30,3 km/h","463","577","130","136","22,4"
"Cycling: Road","2020-10-31 11:21:22","Carretera","44,15 km","1:34:38","28,0 km/h","872","553","135","426","20,7"
"Cycling: Road","2020-10-29 10:47:27","Carretera","50,41 km","1:44:12","29,0 km/h","831","478","124","251","18,7"
"Cycling: Road","2020-10-27 10:49:19","Carretera","52,36 km","1:53:24","27,7 km/h","997","528","127","270","16,0"
"Cycling: Road","2020-10-26 09:38:39","Carretera","50,75 km","1:54:25","26,6 km/h","889","466","123","263","15,4"
"Cycling: Road","2020-10-25 10:48:52","Carretera","46,16 km","1:44:47","26,4 km/h","916","524","136","540","20,1"
"Cycling: Road","2020-10-24 10:16:13","Carretera","76,79 km","3:16:48","23,4 km/h","1.701","519","133","1.211","18,0"
"Cycling: Road","2020-10-23 10:07:02","Carretera","67,34 km","2:28:57","27,1 km/h","1.141","460","128","308","19,8"
"Cycling: Road","2020-10-21 09:58:44","Carretera","35,88 km","1:23:37","25,7 km/h","727","522","130","395","20,5"
"Biking","2020-10-19 09:22:22","Carretera","37,41 km","1:59:03","18,9 km/h","926","467","","199","16,8"
"Cycling: Road","2020-10-18 11:57:29","Carretera","54,50 km","2:03:09","26,6 km/h","1.083","528","137","683","18,7"
"Cycling: Road","2020-10-17 12:09:10","Carretera","28,00 km","1:02:36","26,8 km/h","601","576","136","385","17,2"
"Cycling: Road","2020-10-15 11:49:02","Carretera","20,21 km","44:32","27,2 km/h","479","645","137","164","14,3"
"Gravel","2020-10-12 16:26:35","Montaña","25,81 km","1:47:59","14,3 km/h","711","395","119","384","19,2"
"Gravel","2020-10-11 10:46:16","Montaña","45,18 km","2:30:06","18,1 km/h","1.450","580","140","954","16,4"
"Gravel","2020-10-10 18:01:30","Montaña","6,49 km","18:09","21,5 km/h","191","631","132","53","17,8"
"Gravel","2020-10-08 10:20:47","Montaña","25,80 km","1:23:37","18,5 km/h","779","559","136","422","20,0"
"Cycling: Road","2020-10-07 10:28:32","Carretera","52,11 km","1:51:39","28,0 km/h","1.039","558","134","479","22,4"
"Cycling: Road","2020-10-05 09:37:40","Carretera","23,01 km","57:14","24,1 km/h","458","480","121","207","13,3"
"Gravel","2020-10-04 10:30:22","Montaña","42,57 km","2:18:44","18,4 km/h","1.347","583","142","857","17,4"
"Cycling: Road","2020-10-01 08:15:18","Carretera","64,82 km","2:36:41","24,8 km/h","1.316","504","132","802","19,1"
"Gravel","2020-09-30 10:54:28","Montaña","36,05 km","1:39:50","21,7 km/h","952","572","139","465","21,4"
"Cycling: Road","2020-09-28 11:35:07","Carretera","21,98 km","1:05:00","20,3 km/h","414","382","111","164","19,6"
"Cycling: Road","2020-09-27 07:34:19","Carretera","144,03 km","5:04:35","28,4 km/h","2.703","532","142","1.830","12,8"
"Gravel","2020-09-24 10:50:41","Montaña","20,62 km","1:24:02","14,7 km/h","530","378","118","301","24,7"
"Gravel","2020-09-23 10:54:35","Montaña","33,70 km","1:51:22","18,2 km/h","890","480","130","646","24,6"
"Cycling: Road","2020-09-22 08:11:16","Carretera","48,42 km","2:19:16","20,9 km/h","1.176","507","132","747","20,3"
"Cycling: Road","2020-09-20 08:07:18","Carretera","81,12 km","3:15:51","24,9 km/h","1.771","543","138","1.353","21,3"
"Gravel","2020-09-19 18:59:22","Montaña","19,45 km","51:10","22,8 km/h","564","661","148","241","23,7"
"Cycling: Road","2020-09-18 11:20:58","Carretera","42,20 km","1:37:13","26,0 km/h","752","464","127","460","27,3"
"Cycling: Road","2020-09-17 10:28:45","Carretera","66,91 km","2:17:25","29,2 km/h","1.107","483","131","274","28,9"
"Gravel","2020-09-16 08:11:59","Montaña","52,68 km","2:39:49","19,8 km/h","1.435","539","140","852","24,6"
"Gravel","2020-09-15 08:06:35","Montaña","35,51 km","2:09:11","16,5 km/h","638","296","108","312","24,7"
"Cycling: Road","2020-09-13 10:28:00","Carretera","72,16 km","2:33:26","28,2 km/h","1.275","499","135","383","29,2"
"Cycling: Road","2020-09-12 14:29:05","Carretera","32,39 km","1:31:31","21,2 km/h","816","535","137","366","29,6"
"Gravel","2020-09-11 10:28:37","Montaña","52,80 km","2:16:33","23,2 km/h","1.313","577","142","563","27,9"
"Gravel","2020-09-08 20:37:08","Montaña","21,13 km","56:18","22,5 km/h","512","546","137","169","22,4"
"Cycling: Road","2020-09-03 07:41:08","Carretera","27,75 km","1:01:41","27,0 km/h","511","497","130","199","17,7"
"Cycling: Road","2020-09-01 07:30:27","Carretera","28,14 km","1:05:50","25,6 km/h","513","468","125","203","16,9"
"Cycling: Road","2020-08-30 09:03:17","Carretera","125,17 km","4:43:34","26,5 km/h","2.282","483","131","1.496","19,8"
"Cycling: Road","2020-08-29 09:10:10","Carretera","114,13 km","4:24:41","25,9 km/h","2.320","526","137","1.473","19,2"
"Cycling: Road","2020-08-23 10:43:49","Carretera","68,54 km","2:24:17","28,5 km/h","1.343","558","138","570","25,4"
"Cycling: Road","2020-08-22 09:36:49","Carretera","74,08 km","2:29:55","29,6 km/h","1.476","591","142","387","27,9"
"Cycling: Road","2020-08-19 07:03:05","Carretera","33,42 km","1:15:43","26,5 km/h","613","486","122","225","21,5"
"Cycling: Road","2020-08-15 09:30:51","Carretera","52,15 km","1:51:59","27,9 km/h","961","515","132","490","26,7"
"Cycling: Road","2020-08-14 09:35:07","Carretera","51,04 km","1:46:04","28,9 km/h","848","480","128","239","27,7"
"Cycling: Road","2020-08-13 11:02:08","Carretera","46,85 km","1:42:46","27,4 km/h","837","489","128","254","30,3"
"Cycling: Road","2020-08-12 08:02:32","Carretera","100,18 km","3:12:06","31,3 km/h","1.714","535","136","594","26,5"
"Cycling: Road","2020-08-10 07:32:16","Carretera","102,98 km","4:41:32","21,9 km/h","2.548","543","140","2.006","26,6"
"Cycling: Road","2020-08-08 09:49:22","Carretera","70,21 km","2:40:32","26,2 km/h","1.257","470","129","635","28,5"
"Cycling: Road","2020-08-07 18:22:44","Carretera","31,62 km","1:11:38","26,5 km/h","618","518","134","240","29,7"
"Cycling: Road","2020-08-07 11:25:28","Carretera","27,99 km","1:01:26","27,3 km/h","587","573","140","372","30,6"
"Cycling: Road","2020-08-06 10:26:59","Carretera","56,87 km","2:07:38","26,7 km/h","1.037","487","128","261","29,1"
"Cycling: Road","2020-08-05 09:03:53","Carretera","74,91 km","3:13:17","23,3 km/h","1.592","494","132","1.212","25,9"
"Cycling: Road","2020-08-02 06:59:39","Carretera","58,97 km","2:16:01","26,0 km/h","1.153","509","136","761","23,6"
"Cycling: Road","2020-08-01 10:10:33","Carretera","51,36 km","2:00:19","25,6 km/h","1.079","538","139","427","31,2"
"Cycling: Road","2020-07-30 07:24:48","Carretera","30,62 km","1:07:54","27,1 km/h","616","544","135","238","23,6"
"Cycling: Road","2020-07-28 07:32:07","Carretera","30,17 km","1:06:39","27,2 km/h","603","543","133","235","23,0"
"Cycling: Road","2020-07-26 09:59:57","Carretera","76,92 km","2:59:06","25,8 km/h","1.585","531","136","654","29,5"
"Cycling: Road","2020-07-25 08:23:01","Carretera","84,65 km","3:05:18","27,4 km/h","1.622","525","134","397","25,3"
"Cycling: Road","2020-07-22 10:13:41","Carretera","51,49 km","1:49:48","28,1 km/h","1.063","581","136","246","28,6"
"Cycling: Road","2020-07-21 07:21:22","Carretera","34,83 km","1:18:16","26,7 km/h","650","498","130","296","22,1"
"Cycling: Road","2020-07-18 08:12:10","Carretera","20,12 km","45:05","26,8 km/h","429","571","133","161","22,4"
"Cycling: Road","2020-07-16 07:43:09","Carretera","29,34 km","1:05:36","26,8 km/h","626","573","136","229","19,6"
"Cycling: Road","2020-07-14 07:25:32","Carretera","31,81 km","1:07:17","28,4 km/h","638","569","136","196","22,1"
"Cycling: Road","2020-07-12 10:01:21","Carretera","68,93 km","2:33:53","26,9 km/h","1.184","462","127","322","27,8"
"Cycling: Road","2020-07-11 09:14:41","Carretera","68,04 km","2:24:03","28,3 km/h","1.312","546","136","314","27,9"
"Cycling: Indoor","2020-07-10 17:23:15","Interiores","0,00 km","45:02","","374","498","125","0","22,2"
"Cycling: Road","2020-07-08 06:41:38","Carretera","31,56 km","1:11:09","26,6 km/h","542","457","120","167","20,4"
"Cycling: Road","2020-07-06 06:42:48","Carretera","26,16 km","1:01:28","25,5 km/h","449","438","118","142","22,2"
"Cycling: Road","2020-06-28 08:48:27","Carretera","105,12 km","3:38:15","28,9 km/h","1.800","495","133","650","27,2"
"Cycling: Road","2020-06-27 08:18:04","Carretera","42,29 km","1:30:26","28,1 km/h","933","619","140","531","25,1"
"Cycling: Road","2020-06-24 10:12:59","Carretera","52,01 km","1:58:28","26,3 km/h","1.029","521","130","451","25,8"
"Cycling: Road","2020-06-21 07:04:36","Carretera","204,64 km","7:30:46","27,2 km/h","4.053","539","136","1.409","25,2"
"Cycling: Road","2020-06-14 10:24:23","Carretera","64,06 km","2:17:51","27,9 km/h","1.271","553","136","656","23,4"
"Cycling: Road","2020-06-13 09:21:47","Carretera","65,68 km","2:28:57","26,5 km/h","1.335","538","130","755","22,3"
"Cycling: Road","2020-06-12 09:42:57","Carretera","50,65 km","1:51:16","27,3 km/h","938","506","125","432","21,8"
"Cycling: Road","2020-06-11 16:00:23","Carretera","26,35 km","1:00:01","26,3 km/h","534","534","127","68","20,7"
"Cycling: Road","2020-06-10 08:08:53","Carretera","90,10 km","3:16:21","27,5 km/h","1.452","444","125","631","18,0"
"Cycling: Road","2020-06-08 07:10:05","Carretera","54,02 km","1:54:13","28,4 km/h","1.048","551","128","473","14,9"
"Cycling: Road","2020-06-06 09:08:10","Carretera","59,04 km","1:56:09","30,5 km/h","939","485","125","309","20,6"
"Cycling: Road","2020-06-05 06:16:52","Carretera","104,47 km","3:59:25","26,2 km/h","2.180","546","130","1.367","16,6"
"Cycling: Road","2020-06-03 07:31:56","Carretera","101,43 km","4:12:00","24,1 km/h","2.462","586","135","1.825","22,0"
"Cycling: Road","2020-06-02 07:50:09","Carretera","69,04 km","2:26:11","28,3 km/h","1.187","487","131","591","18,5"
"Cycling: Road","2020-06-01 08:32:12","Carretera","50,39 km","1:44:17","29,0 km/h","872","502","127","243","19,5"
"Cycling: Road","2020-05-31 06:48:07","Carretera","93,00 km","3:26:10","27,1 km/h","2.066","601","138","1.290","19,0"
"Cycling: Road","2020-05-30 08:40:36","Carretera","51,56 km","1:47:54","28,7 km/h","1.049","583","137","454","20,6"
"Cycling: Road","2020-05-27 06:37:04","Carretera","70,10 km","2:48:01","25,0 km/h","1.670","596","135","1.112","19,4"
"Cycling: Road","2020-05-26 06:41:12","Carretera","92,43 km","3:19:03","27,9 km/h","1.911","576","139","1.155","20,6"
"Cycling: Road","2020-05-25 06:51:59","Carretera","59,19 km","2:01:38","29,2 km/h","1.444","712","145","588","18,4"
"Cycling: Road","2020-05-23 08:12:16","Carretera","51,12 km","1:43:59","29,5 km/h","1.129","651","141","438","21,9"
"Cycling: Road","2020-05-22 08:15:50","Carretera","52,44 km","2:11:25","23,9 km/h","1.284","586","134","1.034","22,8"
"Cycling: Road","2020-05-21 08:15:44","Carretera","40,24 km","1:33:47","25,7 km/h","929","594","137","489","22,2"
"Cycling: Mountain","2020-05-20 07:37:18","Montaña","37,17 km","1:51:37","20,0 km/h","1.000","538","132","568","20,4"
"Cycling: Mountain","2020-05-20 07:32:04","Montaña","0,08 km","0:26","11,5 km/h","2","277","98","0","18,5"
"Cycling: Road","2020-05-19 20:17:44","Carretera","5,11 km","13:15","23,1 km/h","165","747","137","78","23,7"
"Cycling: Road","2020-05-19 08:11:25","Carretera","51,22 km","1:53:57","27,0 km/h","960","505","129","486","19,3"
"Cycling: Road","2020-05-17 08:18:21","Carretera","61,00 km","2:16:20","26,8 km/h","1.203","529","133","611","16,4"
"Cycling: Road","2020-05-15 08:58:23","Carretera","26,26 km","1:04:13","24,5 km/h","540","505","123","259","16,5"
"Cycling: Road","2020-05-14 08:11:00","Carretera","51,21 km","1:51:12","27,6 km/h","1.058","571","134","438","16,6"
"Cycling: Mountain","2020-05-12 19:57:46","Montaña","28,07 km","1:31:40","18,4 km/h","801","524","131","419","17,5"
"Train","2020-05-12 09:05:11","Carretera","20,98 km","45:08","27,9 km/h","532","707","144","230","15,3"
"Cycling: Mountain","2020-05-11 20:32:46","Montaña","10,13 km","33:25","18,2 km/h","430","772","146","192","19,8"
"Cycling: Mountain","2020-05-09 20:22:03","Montaña","31,58 km","1:37:46","19,4 km/h","815","500","130","457","18,4"
"Cycling: Road","2020-05-09 07:00:13","Carretera","41,55 km","1:36:51","25,7 km/h","827","512","130","438","14,9"
"Cycling: Road","2020-05-08 09:07:10","Carretera","22,51 km","54:09","24,9 km/h","461","511","128","213","20,1"
"Cycling: Mountain","2020-05-07 19:55:21","Montaña","31,79 km","1:40:41","18,9 km/h","818","487","133","410","18,7"
"Cycling: Mountain","2020-05-07 08:00:02","Montaña","41,52 km","1:53:58","21,9 km/h","1.200","632","148","562","19,6"
"Cycling: Mountain","2020-05-05 08:14:03","Montaña","21,12 km","1:07:55","18,7 km/h","615","543","134","303","19,7"
"Cycling: Road","2020-05-04 08:51:07","Carretera","27,02 km","1:04:25","25,2 km/h","557","519","131","290","18,0"
"Cycling: Mountain","2020-05-03 20:58:46","Montaña","16,82 km","47:42","21,2 km/h","518","652","146","199","18,3"
"Cycling: Mountain","2020-05-03 07:59:43","Montaña","30,84 km","1:27:19","21,2 km/h","770","529","136","409","18,0"
"Cycling: Mountain","2020-05-02 08:12:21","Montaña","33,85 km","1:36:44","21,0 km/h","1.093","678","153","415","17,6"
"Cycling: Virtual","2020-04-29 12:51:04","Virtual","5,21 km","10:20","30,3 km/h","75","435","124","14","11,7"
"Cycling: Virtual","2020-04-29 11:30:27","Virtual","13,95 km","25:20","33,0 km/h","231","547","126","53","28,5"
"Cycling: Virtual","2020-04-28 11:12:31","Virtual","12,55 km","19:57","37,7 km/h","253","761","141","32","26,2"
"Cycling: Virtual","2020-04-27 12:46:43","Virtual","8,05 km","15:12","31,8 km/h","105","414","126","12","25,9"
"Cycling: Virtual","2020-04-27 11:11:22","Virtual","23,05 km","40:19","34,3 km/h","378","562","130","37","26,1"
"Cycling: Virtual","2020-04-24 12:46:09","Virtual","8,28 km","15:13","32,6 km/h","123","485","125","12","26,1"
"Cycling: Virtual","2020-04-24 11:31:50","Virtual","15,57 km","25:43","36,3 km/h","271","632","128","40","26,3"
"Cycling: Virtual","2020-04-23 12:04:16","Virtual","30,07 km","50:53","35,5 km/h","558","658","138","114","28,3"
"Cycling: Virtual","2020-04-22 12:44:57","Virtual","8,60 km","15:14","33,9 km/h","134","528","135","12","26,6"
"Cycling: Virtual","2020-04-22 11:20:12","Virtual","18,19 km","30:21","36,0 km/h","317","627","134","57","26,7"
"Cycling: Indoor","2020-04-22 11:19:42","Interiores","11,10 km","30:07","22,1 km/h","316","629","134","2","17,8"
"Cycling: Virtual","2020-04-21 19:17:48","Virtual","18,48 km","30:09","36,8 km/h","334","665","131","58","26,0"
"Cycling: Virtual","2020-04-20 12:43:26","Virtual","6,24 km","17:25","21,5 km/h","123","424","120","112","12,5"
"Cycling: Virtual","2020-04-20 11:17:10","Virtual","11,29 km","20:16","33,4 km/h","199","589","129","64","28,4"
"Cycling: Virtual","2020-04-17 11:47:24","Virtual","21,90 km","48:17","27,2 km/h","397","493","125","60","26,8"
"Cycling: Virtual","2020-04-16 12:37:14","Virtual","10,77 km","20:12","32,0 km/h","167","496","124","29","26,1"
"Cycling: Virtual","2020-04-16 11:08:52","Virtual","13,11 km","25:15","31,1 km/h","256","608","127","50","27,7"
"Cycling: Virtual","2020-04-14 11:41:41","Virtual","41,10 km","1:19:12","31,1 km/h","790","598","132","332","26,8"
"Cycling: Virtual","2020-04-13 12:31:32","Virtual","11,09 km","20:22","32,7 km/h","182","536","125","46","28,1"
"Cycling: Virtual","2020-04-13 11:15:27","Virtual","11,90 km","20:23","35,0 km/h","206","606","126","65","28,5"
"Cycling: Virtual","2020-04-11 12:31:13","Virtual","17,14 km","30:18","33,9 km/h","273","541","127","53","25,4"
"Cycling: Virtual","2020-04-11 11:15:13","Virtual","18,29 km","30:22","36,1 km/h","309","611","125","58","25,8"
"Cycling: Virtual","2020-04-10 12:13:26","Virtual","29,10 km","50:37","34,5 km/h","475","563","125","84","26,0"
"Cycling: Virtual","2020-04-09 10:20:46","Virtual","58,74 km","2:10:32","27,0 km/h","1.241","570","134","715","28,3"
"Cycling: Virtual","2020-04-08 12:07:09","Virtual","20,10 km","34:24","35,0 km/h","356","621","130","59","26,4"
"Cycling: Virtual","2020-04-08 10:27:25","Virtual","20,12 km","34:44","34,8 km/h","354","612","128","59","26,6"
"Cycling: Virtual","2020-04-07 11:11:17","Virtual","53,10 km","1:49:49","29,0 km/h","1.084","592","134","582","27,0"
"Cycling: Virtual","2020-04-06 12:03:19","Virtual","13,26 km","22:47","34,9 km/h","229","603","132","50","28,8"
"Cycling: Virtual","2020-04-06 10:48:57","Virtual","13,08 km","22:26","35,0 km/h","244","653","131","50","29,2"
"Cycling: Virtual","2020-04-04 11:33:10","Virtual","53,68 km","1:48:01","29,8 km/h","1.150","639","136","692","28,4"
"Cycling: Virtual","2020-04-03 13:03:23","Virtual","14,19 km","25:38","33,2 km/h","248","580","133","54","28,6"
"Cycling: Virtual","2020-04-03 11:39:19","Virtual","15,65 km","30:54","30,4 km/h","314","610","129","176","28,9"
"Cycling: Virtual","2020-04-02 11:10:21","Virtual","53,05 km","1:43:50","30,7 km/h","1.130","653","141","582","27,5"
"Cycling: Virtual","2020-04-01 13:02:40","Virtual","9,17 km","15:24","35,7 km/h","187","729","131","47","28,0"
"Cycling: Virtual","2020-04-01 11:41:13","Virtual","3,67 km","8:11","26,9 km/h","73","535","96","4","28,0"
"Cycling: Virtual","2020-03-31 16:04:52","Virtual","30,20 km","1:02:16","29,1 km/h","700","674","138","276","26,0"
"Cycling: Virtual","2020-03-31 11:21:52","Virtual","4,50 km","9:42","27,9 km/h","92","569","113","6","25,9"
"Cycling: Virtual","2020-03-30 13:03:31","Virtual","6,61 km","13:05","30,3 km/h","170","780","134","87","27,2"
"Cycling: Virtual","2020-03-30 12:04:38","Virtual","5,47 km","17:40","18,6 km/h","122","414","101","51","27,8"
"Cycling: Virtual","2020-03-29 14:22:31","Virtual","13,21 km","22:48","34,8 km/h","241","634","129","50","24,9"
"Cycling: Virtual","2020-03-29 12:59:05","Virtual","9,28 km","15:18","36,4 km/h","189","741","130","46","25,4"
"Cycling: Virtual","2020-03-29 12:38:29","Virtual","3,95 km","8:10","29,0 km/h","82","602","121","11","25,3"
"Cycling: Indoor","2020-03-29 12:38:25","Interiores","17,51 km","1:01:05","17,2 km/h","498","489","117","0","16,8"
"Cycling: Virtual","2020-03-27 17:10:50","Virtual","42,08 km","1:19:32","31,7 km/h","832","628","139","333","26,2"
"Cycling: Virtual","2020-03-27 11:40:32","Virtual","9,47 km","22:09","25,6 km/h","187","506","122","15","27,3"
"Cycling: Virtual","2020-03-26 13:02:16","Virtual","8,34 km","15:12","32,9 km/h","150","592","132","41","28,0"
"Cycling: Virtual","2020-03-26 12:48:05","Virtual","7,10 km","12:12","34,9 km/h","124","610","133","19","12,5"
"Cycling: Virtual","2020-03-26 12:26:03","Virtual","12,22 km","20:44","35,4 km/h","217","628","128","32","12,4"
"Cycling: Virtual","2020-03-25 11:57:44","Virtual","13,15 km","23:38","33,4 km/h","223","566","135","50","28,8"
"Cycling: Virtual","2020-03-25 10:37:38","Virtual","13,69 km","25:34","32,1 km/h","238","559","131","53","28,8"
"Cycling: Virtual","2020-03-24 09:58:26","Virtual","29,93 km","1:07:51","26,5 km/h","749","662","145","682","28,0"
"Cycling: Virtual","2020-03-23 12:27:27","Virtual","10,67 km","20:37","31,1 km/h","166","483","129","49","24,8"
"Cycling: Virtual","2020-03-23 11:00:56","Virtual","10,76 km","20:35","31,4 km/h","186","542","130","46","26,2"
"Cycling: Virtual","2020-03-22 12:16:03","Virtual","42,27 km","1:25:32","29,7 km/h","738","518","134","333","26,7"
"Cycling: Virtual","2020-03-20 18:49:41","Virtual","13,16 km","26:21","30,0 km/h","201","458","129","50","28,2"
"Cycling: Virtual","2020-03-20 17:43:47","Virtual","7,79 km","20:34","22,7 km/h","138","403","121","103","6,5"
"Cycling: Virtual","2020-03-19 12:06:08","Virtual","22,91 km","1:08:41","20,0 km/h","520","454","115","378","6,1"
"Cycling: Virtual","2020-03-17 17:46:38","Virtual","30,33 km","1:00:30","30,1 km/h","605","600","137","301","28,0"
"Cycling: Virtual","2020-03-16 12:15:58","Virtual","24,13 km","46:20","31,2 km/h","493","638","145","241","28,9"
"Cycling: Virtual","2020-03-16 11:07:07","Virtual","8,65 km","15:22","33,8 km/h","138","539","131","30","8,0"
"Cycling: Virtual","2020-03-15 17:29:35","Virtual","6,37 km","10:40","35,8 km/h","124","697","135","22","9,1"
"Cycling: Road","2020-03-14 17:03:00","Carretera","20,02 km","44:36","26,9 km/h","421","566","130","158","14,9"
"Cycling: Road","2020-03-12 13:38:54","Carretera","35,56 km","1:16:27","27,9 km/h","868","681","141","390","17,6"
"Cycling: Road","2020-03-11 13:38:27","Carretera","46,25 km","1:36:11","28,9 km/h","955","596","136","216","17,2"
"Series FRS","2020-03-10 13:36:41","Carretera","45,41 km","1:40:21","27,2 km/h","932","557","134","673","16,2"
"Collformic","2020-03-08 09:38:31","Carretera","76,58 km","3:02:57","25,1 km/h","1.714","562","137","1.240","14,2"
"2:00 65-75%","2020-03-07 10:58:17","Carretera","56,69 km","1:58:13","28,8 km/h","1.075","546","135","312","13,5"
"A dinar a casa","2020-03-06 13:37:47","Carretera","18,38 km","45:15","24,4 km/h","515","683","141","281","15,4"
"Costa amb Luis i Adri, sense pasar del 85%","2020-03-05 09:44:33","Carretera","59,77 km","2:30:23","23,8 km/h","1.362","543","133","716","17,0"
"Series abortades","2020-03-04 13:37:47","Carretera","16,11 km","39:54","24,2 km/h","446","671","139","296","16,1"
"Sortida lliure, Costa","2020-03-01 10:38:50","Carretera","57,92 km","2:13:29","26,0 km/h","1.307","588","143","714","15,8"
"2:00 65-75%","2020-02-29 13:58:58","Carretera","55,42 km","2:04:19","26,7 km/h","1.023","494","130","402","18,8"
"1:20 65-75%","2020-02-28 13:38:46","Carretera","35,54 km","1:18:32","27,2 km/h","873","667","139","380","14,9"
"Series FRS 6x4'' 80-85%","2020-02-27 13:38:05","Carretera","38,93 km","1:31:24","25,6 km/h","847","556","138","523","18,0"
"1:50 65-75%","2020-02-25 13:39:07","Carretera","51,67 km","1:52:52","27,5 km/h","984","523","134","230","15,2"
"Sortida lliure, ports al 80-85%","2020-02-23 10:33:17","Carretera","60,45 km","2:14:25","27,0 km/h","1.313","586","137","597","18,0"
"Sortida lliure, MTB amb el Luis","2020-02-22 08:12:10","Montaña","42,28 km","2:28:05","17,1 km/h","1.504","609","137","783","12,0"
"Cycling: Road","2020-02-20 13:36:59","Carretera","43,80 km","1:44:54","25,1 km/h","929","531","134","475","16,3"
"Cycling: Road","2020-02-18 09:33:55","Carretera","54,77 km","2:11:52","24,9 km/h","1.244","566","136","898","10,5"
"Cycling: Road","2020-02-17 13:37:16","Carretera","35,54 km","1:18:47","27,1 km/h","873","665","143","388","16,6"
"Cycling: Road","2020-02-15 14:11:29","Carretera","31,36 km","1:14:44","25,2 km/h","577","463","125","231","16,0"
"Cycling: Road","2020-02-14 13:39:05","Carretera","36,64 km","1:27:18","25,2 km/h","824","566","133","395","15,7"
"Cycling: Road","2020-02-13 13:37:24","Carretera","38,64 km","1:32:46","25,0 km/h","676","437","122","265","16,4"
"Sortida lliure, Girona amb la grupeta","2020-02-09 06:43:21","Carretera","163,09 km","6:15:19","26,1 km/h","3.181","509","137","1.156","12,0"
"2:50 75-80% puertos 80-85%","2020-02-08 10:05:04","Carretera","77,01 km","2:50:33","27,1 km/h","1.608","566","141","676","12,1"
"1:20 75-80%","2020-02-07 13:48:30","Carretera","40,10 km","1:22:49","29,1 km/h","882","639","143","190","14,2"
"1:20 75-80%","2020-02-04 13:37:25","Carretera","42,92 km","1:24:27","30,5 km/h","850","604","140","186","17,2"
"4:40 65-75%","2020-02-02 09:56:14","Carretera","123,78 km","4:43:25","26,2 km/h","2.289","485","132","809","18,4"
"1:40 75-80%","2020-02-01 14:03:24","Carretera","50,23 km","1:40:38","29,9 km/h","1.044","622","143","223","16,7"
"1:30 75-80%","2020-01-31 13:40:58","Carretera","43,10 km","1:28:34","29,2 km/h","1.003","679","146","194","17,7"
"1:30 75-80%","2020-01-30 13:41:49","Carretera","44,79 km","1:31:33","29,4 km/h","986","646","145","213","15,8"
"1:00 75-80%","2020-01-28 13:39:19","Carretera","33,19 km","1:07:23","29,6 km/h","725","646","143","82","16,7"
"4:30 65-75%","2020-01-26 09:27:29","Carretera","121,85 km","4:36:57","26,4 km/h","2.317","502","137","833","13,2"
"2:40 70-75%","2020-01-25 10:09:34","Carretera","74,28 km","2:39:57","27,9 km/h","1.609","604","141","428","12,3"
"0:30 65-70% indoor","2020-01-21 10:35:08","Interiores","0,00 km","30:19","","248","491","120","0","17,4"
"1:40 70-75%","2020-01-19 11:41:52","Montaña","31,48 km","1:40:55","18,7 km/h","774","460","129","402","10,7"
"2:10 70-75%","2020-01-18 13:46:25","Carretera","61,54 km","2:12:48","27,8 km/h","1.335","603","141","302","14,5"
"1:40 70-75%","2020-01-15 13:38:39","Carretera","47,96 km","1:40:16","28,7 km/h","902","540","136","96","14,4"
"1:20 70-75%","2020-01-13 13:38:39","Carretera","36,17 km","1:22:51","26,2 km/h","719","521","135","124","11,4"
"4:40 65-75%","2020-01-12 10:15:31","Carretera","121,62 km","4:40:41","26,0 km/h","2.265","484","135","846","12,0"
"2:00 70-75%","2020-01-11 11:18:28","Carretera","58,60 km","2:03:59","28,4 km/h","1.223","592","139","296","12,0"
"1:30 70-75%","2020-01-09 13:37:43","Carretera","42,01 km","1:34:12","26,8 km/h","863","550","137","194","14,2"
"2:00 70-75%","2020-01-06 10:10:13","Carretera","55,42 km","2:04:51","26,6 km/h","1.120","538","136","347","9,4"
"3:40 65-75%","2020-01-05 10:06:09","Carretera","101,11 km","3:39:04","27,7 km/h","1.809","495","134","658","12,8"
"1:00 70-75%","2020-01-04 15:10:48","Carretera","26,74 km","1:00:15","26,6 km/h","619","616","139","161","13,2"
"1:00 70-75%","2020-01-02 07:23:24","Carretera","24,59 km","58:43","25,1 km/h","559","571","135","126","4,2"
"1:30 70-75%","2020-01-01 10:59:51","Carretera","41,09 km","1:31:44","26,9 km/h","826","540","134","249","10,6"
"1:00 70-75%","2019-12-31 15:37:24","Carretera","24,25 km","56:36","25,7 km/h","564","598","138","140","12,6"
"3:10 70-75%","2019-12-29 10:09:32","Carretera","82,28 km","3:10:32","25,9 km/h","1.609","507","136","519","10,8"
"2:00 65-70%","2019-12-28 10:43:31","Carretera","48,33 km","1:54:22","25,4 km/h","919","482","129","317","12,5"
"2:00 70-75%","2019-12-26 10:59:29","Carretera","54,82 km","2:01:40","27,0 km/h","1.075","530","136","264","14,6"
"2:00 70-75%","2019-12-25 10:11:39","Carretera","54,64 km","2:00:26","27,2 km/h","1.066","531","135","292","13,7"
"55:00 70-75%","2019-12-24 16:08:25","Carretera","24,07 km","55:06","26,2 km/h","562","612","139","143","15,1"
"1:30 65-70%","2019-12-19 13:38:28","Carretera","37,41 km","1:31:23","24,6 km/h","777","510","133","168","15,3"
"48:00 65-70%","2019-12-17 13:44:44","Carretera","17,31 km","48:36","21,4 km/h","484","598","","282","17,8"
"42:00 65-70%","2019-12-17 08:10:18","Carretera","17,25 km","42:35","24,3 km/h","361","509","128","109","12,5"
"2:45 65-70%","2019-12-15 11:08:06","Carretera","68,39 km","2:45:32","24,8 km/h","1.247","452","129","343","15,1"
"2:00 65-70% + 2x15' 70-75%","2019-12-14 10:04:40","Carretera","50,91 km","2:00:15","25,4 km/h","992","495","130","284","13,7"
"1:45 65-70%","2019-12-12 11:08:22","Carretera","42,61 km","1:46:41","24,0 km/h","748","421","124","336","9,8"
"1:30 65-70%","2019-12-09 10:43:16","Carretera","34,70 km","1:33:24","22,3 km/h","704","452","124","292","12,8"
"2:30 65-70%","2019-12-08 11:38:54","Carretera","64,01 km","2:33:33","25,0 km/h","1.117","436","128","340","14,3"
"1:30 65-70%","2019-12-06 11:45:46","Carretera","36,21 km","1:27:51","24,7 km/h","659","450","128","230","15,1"
"1:30 65-70%","2019-12-03 15:39:11","Carretera","34,72 km","1:28:40","23,5 km/h","697","472","128","225","12,2"
"1:45 65-70%","2019-12-02 10:26:29","Carretera","43,64 km","1:46:08","24,7 km/h","806","456","129","259","11,6"
"2:10 65-70%","2019-11-30 10:52:18","Carretera","56,21 km","2:12:41","25,4 km/h","984","445","128","351","15,9"
"1:15 65-70%","2019-11-28 11:15:27","Carretera","31,67 km","1:14:52","25,4 km/h","566","454","125","183","18,0"
"1:45 65-70%","2019-11-27 10:53:18","Carretera","43,03 km","1:46:50","24,2 km/h","815","458","126","254","18,6"
"1:30 65-70%","2019-11-25 10:36:05","Carretera","37,77 km","1:31:30","24,8 km/h","677","444","126","235","14,4"
"Cycling: Road","2019-11-23 11:10:14","Carretera","17,59 km","46:55","22,5 km/h","404","517","127","116","15,8"
"Cycling: Road","2019-11-10 10:34:16","Montaña","49,60 km","2:35:47","19,1 km/h","1.420","547","139","839","12,1"
"Cycling: Road","2019-11-09 11:01:34","Carretera","21,77 km","1:01:57","21,1 km/h","569","551","135","503","14,0"
"Cycling: Road","2019-11-06 10:23:06","Carretera","20,36 km","49:52","24,5 km/h","419","504","127","162","15,5"
"Cycling: Road","2019-11-05 10:44:15","Carretera","41,41 km","1:32:19","26,9 km/h","880","572","134","331","16,9"
"Cycling: Road","2019-11-02 11:11:00","Montaña","9,32 km","27:26","20,4 km/h","227","496","121","64","19,5"
"Cycling: Road","2019-11-01 08:29:43","Carretera","87,87 km","4:06:26","21,4 km/h","2.108","513","133","1.855","18,1"
"Cycling: Road","2019-10-29 10:22:29","Montaña","31,11 km","1:20:54","23,1 km/h","735","545","132","317","19,4"
"Cycling: Road","2019-10-28 16:12:59","Montaña","22,59 km","1:05:50","20,6 km/h","499","455","124","175","19,2"
"Cycling: Road","2019-10-27 09:31:18","Carretera","83,12 km","3:41:00","22,6 km/h","1.810","491","135","1.398","21,9"
"Cycling: Road","2019-10-26 10:31:07","Montaña","31,06 km","1:21:38","22,8 km/h","762","560","134","323","17,7"
"Cycling: Road","2019-10-23 11:40:22","Carretera","17,20 km","45:39","22,6 km/h","386","507","124","312","16,2"
"Cycling: Road","2019-10-22 11:13:12","Carretera","29,28 km","1:20:49","21,7 km/h","660","490","127","527","16,7"
"Cycling: Road","2019-10-18 12:03:26","Carretera","15,78 km","40:37","23,3 km/h","351","518","126","273","19,6"
"Cycling: Road","2019-10-17 11:36:29","Carretera","29,31 km","1:14:53","23,5 km/h","709","568","137","516","22,9"
"Cycling: Road","2019-10-16 17:30:20","Carretera","17,69 km","45:43","23,2 km/h","472","619","142","361","22,4"
"Cycling: Road","2019-10-14 17:41:51","Carretera","26,27 km","1:02:39","25,2 km/h","521","499","131","184","22,4"
"Cycling: Road","2019-10-13 16:22:12","Carretera","53,34 km","1:53:52","28,1 km/h","1.003","529","135","346","24,3"
"Cycling: Road","2019-10-10 10:24:05","Carretera","40,62 km","1:29:09","27,3 km/h","739","497","127","330","19,2"
"Cycling: Road","2019-10-08 18:19:35","Carretera","19,67 km","43:29","27,1 km/h","426","588","137","150","22,4"
"Cycling: Road","2019-10-08 10:36:14","Carretera","31,73 km","1:16:31","24,9 km/h","489","383","114","173","20,5"
"Cycling: Road","2019-10-04 08:30:20","Carretera","60,28 km","2:25:32","24,9 km/h","1.135","468","128","656","18,4"
"Cycling: Road","2019-10-03 09:40:22","Carretera","47,62 km","1:46:42","26,8 km/h","804","452","122","264","19,4"
"Cycling: Road","2019-10-02 09:34:02","Carretera","57,09 km","2:03:35","27,7 km/h","1.099","534","131","387","21,6"
"Cycling: Road","2019-09-29 10:40:09","Carretera","59,25 km","2:25:10","24,5 km/h","1.261","521","134","719","26,1"
"Cycling: Road","2019-09-28 09:12:04","Carretera","59,19 km","1:47:11","33,1 km/h","1.059","593","139","279","21,3"
"Cycling: Road","2019-09-26 09:39:43","Carretera","28,06 km","1:08:27","24,6 km/h","570","500","127","367","19,4"
"Cycling: Road","2019-09-25 09:30:36","Carretera","55,74 km","2:19:07","24,0 km/h","1.269","547","133","872","22,8"
"Cycling: Road","2019-09-23 10:00:56","Carretera","40,06 km","1:29:29","26,9 km/h","816","547","131","346","21,0"
"Cycling: Road","2019-09-19 10:25:09","Carretera","40,46 km","1:26:19","28,1 km/h","755","525","127","216","25,2"
"Cycling: Road","2019-09-18 10:12:28","Carretera","39,43 km","1:26:06","27,5 km/h","818","570","134","409","27,0"
"Cycling: Road","2019-09-16 17:45:41","Carretera","36,37 km","1:27:53","24,8 km/h","820","560","138","559","23,6"
"Cycling: Road","2019-09-13 17:37:35","Carretera","25,60 km","54:12","28,3 km/h","541","599","136","173","27,2"
"Cycling: Mountain","2019-09-13 07:37:51","Montaña","18,05 km","1:13:34","14,7 km/h","634","517","131","343","16,5"
"Cycling: Road","2019-09-12 10:09:18","Carretera","41,91 km","1:29:41","28,0 km/h","745","498","126","322","25,5"
"Cycling: Road","2019-09-11 17:50:03","Carretera","24,78 km","55:03","27,0 km/h","560","610","138","334","23,9"
"Cycling: Mountain","2019-09-09 17:25:31","Montaña","36,40 km","1:59:26","18,3 km/h","966","485","132","498","23,8"
"Cycling: Mountain","2019-09-08 17:35:08","Montaña","33,12 km","1:46:41","18,6 km/h","956","538","138","580","20,6"
"Cycling: Road","2019-09-07 17:39:44","Carretera","41,66 km","1:31:19","27,4 km/h","705","463","126","264","23,3"
"Cycling: Mountain","2019-09-06 17:12:39","Montaña","24,07 km","1:19:48","18,1 km/h","706","531","135","343","23,8"
"Cycling: Road","2019-09-04 17:05:31","Carretera","52,02 km","1:55:50","26,9 km/h","951","493","133","320","27,4"
"Cycling: Road","2019-09-03 18:40:22","Carretera","30,51 km","1:06:12","27,7 km/h","645","585","138","331","24,6"
"Cycling: Road","2019-09-03 10:31:45","Carretera","44,26 km","1:33:50","28,3 km/h","909","581","140","419","24,8"
"Ciclismo: Carretera","2019-08-31 09:43:57","Carretera","25,00 km","1:00:00","25,0 km/h","768","768","","0",""
"Cycling: Road","2019-08-28 09:32:07","Carretera","100,18 km","3:32:45","28,3 km/h","1.881","530","138","629","26,8"
"Cycling: Road","2019-08-25 12:17:20","Carretera","25,14 km","59:48","25,2 km/h","456","458","122","183","31,1"
"Cycling: Road","2019-08-23 08:06:06","Carretera","89,74 km","2:47:16","32,2 km/h","1.587","569","140","589","25,4"
"Cycling: Road","2019-08-21 10:00:31","Carretera","30,20 km","1:10:16","25,8 km/h","473","404","118","219","24,9"
"Cycling: Road","2019-08-20 06:05:41","Carretera","163,17 km","5:43:47","28,5 km/h","2.737","478","134","1.060","24,3"
"Cycling: Mountain","2019-08-17 11:05:33","Montaña","26,04 km","1:26:56","18,0 km/h","720","497","136","410","30,1"
"Cycling: Mountain","2019-08-15 08:12:44","Montaña","41,61 km","2:39:33","15,6 km/h","1.476","555","135","849","23,5"
"Cycling: Mountain","2019-08-13 08:08:56","Montaña","57,67 km","3:14:10","17,8 km/h","1.550","479","130","1.037","21,0"
"Cycling: Road","2019-08-07 10:53:09","Carretera","47,45 km","1:40:56","28,2 km/h","1.083","644","146","527","29,0"
"Cycling: Road","2019-08-05 10:21:28","Carretera","21,01 km","48:26","26,0 km/h","378","468","120","119","30,2"
"Cycling: Road","2019-08-04 10:12:11","Carretera","86,87 km","4:05:25","21,2 km/h","2.383","583","143","1.649","31,2"
"Cycling: Road","2019-08-01 10:56:42","Carretera","40,95 km","1:29:18","27,5 km/h","890","598","139","452","28,6"
"Cycling: Road","2019-07-30 10:06:54","Carretera","51,49 km","1:46:11","29,1 km/h","982","555","133","343","27,0"
"Cycling: Road","2019-07-24 08:31:14","Carretera","39,30 km","1:30:07","26,2 km/h","826","550","132","189","25,9"
"Cycling: Road","2019-07-23 07:57:05","Carretera","157,79 km","7:04:04","22,3 km/h","3.490","494","131","1.329","32,4"
"Cycling: Road","2019-07-22 12:24:39","Carretera","79,51 km","4:25:55","17,9 km/h","2.237","505","131","1.128","35,5"
"Cycling: Road","2019-07-21 10:14:39","Carretera","60,62 km","2:10:12","27,9 km/h","1.293","596","140","575","27,8"
"Cycling: Road","2019-07-19 09:27:49","Carretera","74,71 km","3:03:37","24,4 km/h","1.765","577","137","1.215","26,4"
"Cycling: Road","2019-07-17 10:09:31","Carretera","46,79 km","1:49:27","25,7 km/h","1.034","567","136","619","25,9"
"Cycling: Road","2019-07-15 12:26:25","Carretera","7,69 km","17:30","26,4 km/h","199","682","139","107","27,2"
"Cycling: Road","2019-07-14 10:30:24","Carretera","53,19 km","1:59:56","26,6 km/h","1.275","638","140","674","28,0"
"Cycling: Road","2019-07-13 10:48:06","Carretera","15,66 km","34:33","27,2 km/h","403","700","143","260","29,6"
"Cycling: Road","2019-07-11 10:46:23","Carretera","32,34 km","1:22:39","23,5 km/h","822","597","137","605","28,2"
"Cycling: Road","2019-07-09 11:38:32","Carretera","23,29 km","53:13","26,3 km/h","612","690","143","312","26,7"
"Cycling: Road","2019-07-07 10:33:58","Carretera","52,26 km","1:54:15","27,4 km/h","1.251","657","144","459","31,4"
"Cycling: Road","2019-07-05 10:32:02","Carretera","45,57 km","1:56:01","23,6 km/h","1.080","559","133","775","30,6"
"Cycling: Road","2019-07-03 09:17:05","Carretera","62,77 km","2:20:59","26,7 km/h","1.273","542","137","610","29,2"
"Cycling: Mountain","2019-07-01 09:50:35","Montaña","28,18 km","1:25:20","19,8 km/h","762","536","134","410","28,6"
"Cycling: Road","2019-06-28 10:05:50","Carretera","45,10 km","1:33:25","29,0 km/h","1.096","704","147","281","32,3"
"Cycling: Road","2019-06-26 11:01:53","Carretera","20,16 km","44:27","27,2 km/h","508","686","140","151","33,8"
"Cycling: Road","2019-06-23 09:39:41","Carretera","56,79 km","3:17:05","17,3 km/h","1.995","607","136","1.514","30,0"
"Cycling: Road","2019-06-22 09:43:30","Carretera","90,14 km","5:05:32","17,7 km/h","2.898","569","137","2.522","21,6"
"Cycling: Road","2019-06-20 09:19:37","Carretera","56,03 km","2:45:25","20,3 km/h","1.519","551","133","1.111","17,4"
"Cycling: Road","2019-06-19 08:47:02","Carretera","58,97 km","2:59:57","19,7 km/h","1.625","542","136","1.343","24,0"
"Cycling: Road","2019-06-18 08:25:41","Carretera","83,53 km","3:59:58","20,9 km/h","2.289","572","139","1.734","24,7"
"Cycling: Road","2019-06-17 09:49:54","Carretera","76,13 km","4:06:47","18,5 km/h","2.294","558","139","1.821","26,7"
"Cycling: Mountain","2019-06-14 11:56:43","Montaña","13,96 km","51:41","16,2 km/h","488","567","139","305","24,0"
"Cycling: Mountain","2019-06-10 18:48:26","Montaña","18,45 km","1:07:57","16,3 km/h","384","339","107","162","22,8"
"Cycling: Road","2019-06-09 08:33:33","Carretera","86,21 km","2:51:48","30,1 km/h","1.756","613","151","1.167","20,5"
"Cycling: Road","2019-06-07 09:34:44","Carretera","40,56 km","1:41:41","23,9 km/h","874","516","132","637","20,5"
"Cycling: Road","2019-06-06 11:16:10","Carretera","20,41 km","47:14","25,9 km/h","391","497","125","169","20,3"
"Cycling: Road","2019-06-03 10:05:40","Carretera","60,49 km","2:22:24","25,5 km/h","1.274","537","134","602","23,8"
"Cycling: Road","2019-05-31 10:16:44","Carretera","45,24 km","1:54:54","23,6 km/h","915","478","126","570","21,2"
"Cycling: Mountain","2019-05-30 08:34:44","Montaña","36,51 km","2:24:52","15,1 km/h","1.245","516","134","759","18,3"
"Cycling: Road","2019-05-28 10:20:59","Carretera","43,67 km","1:37:39","26,8 km/h","811","498","132","502","19,9"
"Cycling: Road","2019-05-27 09:36:23","Carretera","25,12 km","1:00:18","25,0 km/h","455","453","119","201","19,8"
"Collsacreu i Costa","2019-05-26 09:11:45","Carretera","86,31 km","3:22:10","25,6 km/h","1.672","496","132","1.075","21,1"
"Cycling: Mountain","2019-05-25 10:34:52","Montaña","22,15 km","1:04:52","20,5 km/h","653","604","133","222","17,9"
"Costa","2019-05-23 09:53:15","Carretera","53,77 km","2:07:11","25,4 km/h","1.179","556","138","701","20,9"
"Ruta 100km","2019-05-21 09:13:44","Carretera","100,23 km","3:26:15","29,2 km/h","2.058","599","142","685","18,7"
"Salida libre","2019-05-15 09:54:13","Carretera","52,72 km","2:04:40","25,4 km/h","1.186","571","139","941","19,0"
"Recu","2019-05-13 10:14:04","Carretera","28,12 km","1:12:08","23,4 km/h","482","401","113","218","18,5"
"Terra de Remences 2019","2019-05-12 08:02:27","Carretera","99,25 km","2:58:52","33,3 km/h","2.111","708","155","1.200","13,7"
"Llaneando","2019-05-11 10:29:36","Carretera","36,35 km","1:23:03","26,3 km/h","659","476","126","258","19,2"
"Bordoi + Parpers + Collet","2019-05-07 10:34:03","Carretera","33,70 km","1:17:42","26,0 km/h","763","589","137","504","16,2"
"Llaneando","2019-05-06 10:12:57","Carretera","45,46 km","1:43:04","26,5 km/h","917","534","133","493","14,6"
"Òrrius + Parpers + Collet","2019-05-04 09:31:03","Carretera","38,95 km","1:28:16","26,5 km/h","945","642","144","715","12,2"
"Cycling: Mountain","2019-05-01 10:26:07","Montaña","17,50 km","45:44","23,0 km/h","478","627","139","168","19,3"
"MTB libre","2019-04-30 17:58:55","Montaña","19,51 km","1:02:45","18,7 km/h","630","602","144","345","17,0"
"Salida libre","2019-04-29 10:23:28","Carretera","53,47 km","2:02:33","26,2 km/h","1.113","545","137","686","16,0"
"Gran Fondo Lloret 2019","2019-04-27 09:30:31","Carretera","88,40 km","3:09:24","28,0 km/h","2.100","665","160","1.640","14,4"
"MTB libre","2019-04-23 10:42:02","Montaña","29,43 km","1:30:51","19,4 km/h","822","543","140","466","15,3"
"Recu","2019-04-20 10:52:52","Carretera","20,01 km","46:09","26,0 km/h","388","504","127","175","18,3"
"Les Antenes","2019-04-19 08:24:13","Carretera","86,85 km","3:43:10","23,4 km/h","1.929","519","136","1.533","17,4"
"Circuito Canoves a full","2019-04-18 10:40:53","Carretera","20,16 km","40:51","29,6 km/h","454","667","144","164","16,8"
"Recu","2019-04-15 10:09:43","Carretera","17,99 km","46:23","23,3 km/h","329","426","116","135","15,0"
"Ports del Maresme 2019","2019-04-14 08:07:33","Carretera","91,07 km","3:36:49","25,2 km/h","2.207","611","148","1.791","11,9"
"Rodando las GP4000 nuevas","2019-04-11 10:42:29","Carretera","20,15 km","46:50","25,8 km/h","406","520","127","165","15,4"
"Series FRS","2019-04-09 10:41:45","Carretera","39,83 km","1:30:48","26,3 km/h","805","532","135","530","13,3"
"Parpers + Collet libre","2019-04-06 11:03:58","Carretera","44,19 km","1:39:29","26,7 km/h","1.032","622","145","646","13,1"
"Recu","2019-04-02 11:25:44","Carretera","26,15 km","1:03:20","24,8 km/h","520","493","126","221","17,0"
"Cycling: Road","2019-04-01 10:48:05","Carretera","38,64 km","1:27:11","26,6 km/h","799","550","138","421","17,0"
"Cycling: Road","2019-03-29 08:16:00","Carretera","75,56 km","3:00:27","25,1 km/h","1.698","565","137","978","14,9"
"Cycling: Road","2019-03-27 10:40:13","Carretera","33,51 km","1:16:21","26,3 km/h","590","464","123","308","15,6"
"Cycling: Mountain","2019-03-26 10:28:42","Montaña","33,77 km","1:36:31","21,0 km/h","860","535","135","480","18,2"
"Cycling: Road","2019-03-24 09:57:16","Carretera","44,31 km","2:08:16","20,7 km/h","1.097","513","131","851","16,8"
"Cycling: Road","2019-03-23 09:48:36","Carretera","71,70 km","3:28:00","20,7 km/h","1.863","537","134","1.636","14,3"
"Cycling: Road","2019-03-22 09:23:38","Carretera","40,64 km","2:20:23","17,4 km/h","1.413","604","138","1.397","8,2"
"Cycling: Road","2019-03-21 15:29:13","Carretera","35,96 km","1:35:48","22,5 km/h","701","439","120","492","16,4"
"Cycling: Road","2019-03-15 10:12:32","Carretera","38,97 km","1:30:36","25,8 km/h","867","574","135","524","16,0"
"Cycling: Mountain","2019-03-14 11:15:53","Montaña","18,30 km","46:07","23,8 km/h","529","688","145","157","14,9"
"Cycling: Mountain","2019-03-13 11:47:34","Montaña","28,83 km","1:30:19","19,2 km/h","772","513","130","451","9,7"
"Cycling: Road","2019-03-09 08:30:53","Carretera","72,16 km","2:54:11","24,9 km/h","1.459","503","129","1.067","12,4"
"Cycling: Road","2019-03-07 08:44:39","Carretera","81,13 km","3:12:04","25,3 km/h","1.712","535","134","1.015","15,0"
"Cycling: Road","2019-03-05 09:48:25","Carretera","50,13 km","1:53:02","26,6 km/h","1.021","542","136","693","14,0"
"Cycling: Road","2019-03-04 10:33:31","Carretera","17,16 km","45:06","22,8 km/h","349","464","118","102","20,6"
"Cycling: Road","2019-03-03 10:14:40","Carretera","76,58 km","2:59:36","25,6 km/h","1.717","574","145","1.259","16,8"
"Cycling: Road","2019-03-01 10:00:42","Carretera","49,77 km","1:59:12","25,0 km/h","945","476","128","677","15,4"
"Cycling: Road","2019-02-28 10:15:38","Carretera","32,87 km","1:21:31","24,2 km/h","688","506","133","569","15,6"
"Costa a umbral","2019-02-27 10:32:20","Carretera","53,78 km","2:03:21","26,2 km/h","1.113","541","138","703","17,7"
"Series FRS + umbral","2019-02-25 10:07:00","Carretera","81,08 km","3:07:52","25,9 km/h","1.484","474","135","1.145","12,4"
"60-70%","2019-02-23 10:08:04","Carretera","53,53 km","2:00:12","26,7 km/h","961","480","129","440","15,0"
"Un gel y parriba","2019-02-22 17:36:46","Carretera","27,81 km","57:20","29,1 km/h","613","642","149","281","14,4"
"65-75% + puertos 80-85%","2019-02-21 09:40:53","Carretera","49,33 km","1:57:32","25,2 km/h","1.072","547","141","730","7,8"
"Recu con la 26","2019-02-19 17:04:26","Montaña","16,41 km","59:00","16,7 km/h","500","508","","155","10,0"
"70-80% + puertos al 80-85%","2019-02-17 10:37:00","Carretera","72,12 km","2:49:49","25,5 km/h","1.557","550","142","956","12,9"
"75-80% + puertos al 80-85%","2019-02-16 09:39:01","Carretera","79,04 km","2:52:19","27,5 km/h","1.617","563","143","866","11,5"
"75-80% + puertos al 80-85%","2019-02-15 09:34:11","Carretera","79,78 km","2:59:47","26,6 km/h","1.727","576","143","735","10,0"
"75-80%","2019-02-14 09:19:30","Carretera","39,99 km","1:28:14","27,2 km/h","922","627","143","338","6,3"
"75-80%","2019-02-12 10:35:06","Carretera","40,18 km","1:27:24","27,6 km/h","911","625","142","327","10,7"
"65-75%","2019-02-08 09:52:08","Carretera","50,04 km","1:58:36","25,3 km/h","1.026","519","136","564","10,8"
"Ciclismo: Carretera","2019-02-06 10:30:14","Carretera","43,41 km","1:52:00","23,3 km/h","800","429","130","0",""
"Recu","2019-02-06 10:01:39","Carretera","2,20 km","4:43","28,0 km/h","40","508","117","3","8,7"
"3:31 65-75% + puertos hasta 85%","2019-02-05 10:04:18","Carretera","75,98 km","3:31:04","21,6 km/h","1.999","568","142","1.317","12,5"
"2:00 65-75%","2019-02-04 10:21:41","Carretera","50,65 km","1:59:52","25,4 km/h","1.035","518","134","401","7,5"
"1:57 65-75%","2019-02-01 09:28:47","Montaña","40,95 km","1:57:12","21,0 km/h","1.023","524","134","446","11,0"
"1:37 70-75%","2019-01-30 09:47:13","Carretera","41,72 km","1:37:23","25,7 km/h","832","513","132","350","8,1"
"2:23 65-75% 2 puertos 80-85%","2019-01-29 10:06:48","Carretera","61,16 km","2:23:05","25,6 km/h","1.285","539","137","639","6,7"
"3:43 70-75%","2019-01-27 10:07:48","Carretera","100,57 km","3:43:24","27,0 km/h","1.894","509","139","689","11,4"
"0:59 65-75%","2019-01-26 10:21:06","Carretera","26,11 km","58:51","26,6 km/h","559","570","137","200","10,5"
"Cycling: Road","2019-01-24 10:49:48","Carretera","25,24 km","55:34","27,2 km/h","580","626","142","199","10,0"
"Cycling: Road","2019-01-22 10:34:04","Carretera","33,14 km","1:12:54","27,3 km/h","722","594","140","228","5,5"
"2:16 70-75% dos puertos al 80-85%","2019-01-21 10:23:17","Carretera","60,13 km","2:16:27","26,4 km/h","1.255","552","141","604","8,8"
"Cycling: Mountain","2019-01-20 15:29:43","Montaña","21,38 km","1:11:05","18,0 km/h","685","578","138","241","9,7"
"Cycling: Road","2019-01-19 10:51:27","Carretera","28,97 km","1:03:01","27,6 km/h","652","621","140","217","6,2"
"Cycling: Road","2019-01-17 10:01:49","Carretera","47,90 km","1:49:53","26,2 km/h","1.047","572","140","554","9,7"
"Cycling: Road","2019-01-16 10:20:37","Carretera","55,13 km","2:10:12","25,4 km/h","989","456","131","417","6,9"
"Cycling: Road","2019-01-14 10:48:09","Carretera","29,01 km","1:11:52","24,2 km/h","544","454","125","218","10,2"
"Cycling: Road","2019-01-13 10:03:27","Carretera","100,48 km","3:51:30","26,0 km/h","1.993","517","138","706","8,6"
"Cycling: Road","2019-01-10 10:56:30","Carretera","31,80 km","1:11:04","26,8 km/h","656","554","134","218","10,8"
"Cycling: Road","2019-01-08 10:41:01","Carretera","56,23 km","2:09:28","26,1 km/h","1.102","511","134","396","9,5"
"Cycling: Road","2019-01-07 10:10:16","Carretera","47,47 km","1:51:59","25,4 km/h","980","525","136","310","8,4"
"Cycling: Mountain","2019-01-05 10:25:21","Montaña","17,74 km","57:59","18,4 km/h","413","427","120","170","8,4"
"Cycling: Road","2019-01-03 10:15:30","Carretera","32,77 km","1:20:21","24,5 km/h","587","438","123","193","6,2"
"Cycling: Road","2019-01-01 10:45:19","Carretera","45,87 km","1:55:30","23,8 km/h","797","414","121","314","11,4"
"3:50 70-75%","2018-12-30 10:06:52","Carretera","99,92 km","3:47:21","26,4 km/h","1.905","503","138","699","9,8"
"2:40 70-75%","2018-12-26 10:22:37","Carretera","71,05 km","2:41:19","26,4 km/h","1.468","546","137","624","11,3"
"2:00 70-75%","2018-12-25 10:16:22","Carretera","58,11 km","2:05:29","27,8 km/h","1.142","546","137","282","11,3"
"1:30 70-75%","2018-12-22 10:11:12","Carretera","39,99 km","1:32:00","26,1 km/h","804","524","136","264","12,0"
"Cycling: Road","2018-12-21 11:29:21","Carretera","59,02 km","2:21:03","25,1 km/h","1.175","500","136","441","15,2"
"Cycling: Road","2018-12-19 09:33:06","Carretera","53,99 km","2:04:55","25,9 km/h","1.098","527","135","347","13,7"
"Cycling: Road","2018-12-17 09:40:35","Carretera","38,65 km","1:29:27","25,9 km/h","842","565","138","255","8,9"
"1:00 recu","2018-12-14 10:37:35","Carretera","25,73 km","1:04:56","23,8 km/h","437","404","116","162","9,4"
"1:20 recu","2018-12-12 09:10:56","Carretera","31,95 km","1:20:54","23,7 km/h","568","421","122","221","8,5"
"1:30 recu","2018-12-10 09:24:20","Carretera","38,69 km","1:33:55","24,7 km/h","719","459","127","253","8,9"
"2:30 65-70%","2018-12-08 11:06:05","Carretera","63,43 km","2:35:51","24,4 km/h","1.135","437","126","489","13,3"
"1:50 65-70% (intervalos 70-75%)","2018-12-07 09:13:42","Carretera","48,15 km","1:48:48","26,6 km/h","876","483","129","269","10,4"
"1:50 65-70%","2018-12-05 09:36:55","Carretera","45,10 km","1:50:34","24,5 km/h","832","452","129","192","12,7"
"1:20 65-70%","2018-12-03 09:37:43","Carretera","33,17 km","1:18:31","25,3 km/h","636","486","129","195","10,7"
"2:30 65-70%","2018-12-02 11:17:26","Carretera","57,43 km","2:21:38","24,3 km/h","1.069","453","131","281","15,9"
"Cycling: Road","2018-12-02 11:03:48","Carretera","4,25 km","9:49","26,0 km/h","90","550","124","18","13,2"
"1:30 65-70% MTB","2018-11-30 09:44:33","Montaña","28,71 km","1:31:06","18,9 km/h","659","434","125","194","11,8"
"1:30 65-70%","2018-11-28 11:27:57","Carretera","37,25 km","1:30:33","24,7 km/h","674","447","125","225","13,8"
"1:30 65-70%","2018-11-27 16:50:41","Carretera","35,91 km","1:32:00","23,4 km/h","690","450","126","228","12,0"
"2:20 65-70%","2018-11-25 11:13:53","Carretera","55,97 km","2:20:54","23,8 km/h","1.081","460","132","313","13,4"
"1:00 65-70%","2018-11-24 18:15:58","Carretera","24,18 km","1:03:53","22,7 km/h","526","494","127","157","9,9"
"1:30 65-70%","2018-11-22 10:11:13","Carretera","37,43 km","1:31:21","24,6 km/h","717","471","128","218","12,7"
"1:30 65-70%","2018-11-19 10:03:03","Carretera","37,34 km","1:35:12","23,5 km/h","754","475","130","253","13,0"
"Cycling: Mountain","2018-11-06 18:08:35","Montaña","25,75 km","1:21:09","19,0 km/h","810","599","139","389","11,7"
"Cycling: Mountain","2018-11-04 16:48:14","Montaña","30,54 km","1:38:33","18,6 km/h","978","595","147","489","18,3"
"Cycling: Mountain","2018-10-30 16:19:38","Montaña","19,44 km","57:32","20,3 km/h","610","636","145","173","15,0"
"Cycling: Road","2018-10-21 17:09:47","Carretera","20,43 km","47:10","26,0 km/h","509","648","145","178","23,6"
"Cycling: Road","2018-10-19 10:54:14","Carretera","19,75 km","45:59","25,8 km/h","464","606","141","168","21,5"
"Cycling: Mountain","2018-10-17 10:48:52","Montaña","25,58 km","1:20:42","19,0 km/h","704","523","136","386","20,7"
"Cycling: Road","2018-10-12 09:51:00","Carretera","20,45 km","49:10","25,0 km/h","476","581","137","171","18,2"
"Cycling: Mountain","2018-09-30 18:47:08","Montaña","18,49 km","49:27","22,4 km/h","554","672","148","152","24,5"
"Cycling: Mountain","2018-09-29 20:44:14","Montaña","17,93 km","49:16","21,8 km/h","497","605","141","140","21,7"
"Cycling: Mountain","2018-09-24 16:27:11","Montaña","23,34 km","1:06:37","21,0 km/h","667","601","138","139","25,5"
"Cycling: Mountain","2018-09-23 11:43:42","Montaña","21,54 km","1:01:53","20,9 km/h","651","631","143","177","27,5"
"Cycling: Mountain","2018-09-16 18:36:05","Montaña","17,94 km","52:22","20,6 km/h","561","643","146","208","25,5"
"Cycling: Mountain","2018-09-13 10:02:18","Montaña","18,93 km","55:40","20,4 km/h","541","583","136","170","25,1"
"Cycling: Road","2018-09-09 11:28:51","Carretera","47,66 km","1:50:47","25,8 km/h","1.042","564","139","260","27,2"
"Cycling: Mountain","2018-09-06 10:25:55","Montaña","25,39 km","1:24:45","18,0 km/h","721","510","134","392","24,5"
"Cycling: Mountain","2018-09-05 09:49:19","Montaña","19,40 km","55:36","20,9 km/h","569","614","142","162","23,7"
"Cycling: Road","2018-09-02 11:50:09","Carretera","46,63 km","1:58:28","23,6 km/h","977","495","134","479","26,3"
"Cycling: Road","2018-09-01 09:50:43","Carretera","20,16 km","48:46","24,8 km/h","418","514","130","158","23,4"
"Cycling: Road","2018-08-05 10:49:00","Carretera","61,22 km","2:26:15","25,1 km/h","1.576","647","151","573","34,9"
"Cycling: Mountain","2018-08-03 11:19:08","Montaña","23,44 km","1:10:38","19,9 km/h","653","555","140","373","26,9"
"Cycling: Mountain","2018-08-02 11:22:30","Montaña","15,98 km","1:11:46","13,4 km/h","711","594","140","457","27,0"
"Cycling: Road","2018-07-29 10:31:57","Carretera","100,18 km","3:34:49","28,0 km/h","2.167","605","149","635","29,0"
"Cycling: Road","2018-07-23 11:18:05","Carretera","20,17 km","47:10","25,6 km/h","360","458","122","163","27,5"
"Cycling: Mountain","2018-07-22 11:37:59","Montaña","37,69 km","2:14:15","16,8 km/h","1.039","464","130","495","23,5"
"Cycling: Mountain","2018-07-17 18:18:19","Montaña","15,19 km","51:42","17,6 km/h","443","514","130","150","28,5"
"Cycling: Mountain","2018-07-11 10:58:02","Montaña","20,72 km","1:01:19","20,3 km/h","525","514","129","192","27,6"
"Cycling: Road","2018-07-09 11:32:15","Carretera","17,12 km","42:45","24,0 km/h","322","452","119","90","30,4"
"Cycling: Road","2018-07-08 09:35:07","Carretera","100,41 km","3:33:23","28,2 km/h","2.064","580","145","625","30,0"
"Cycling: Mountain","2018-07-05 10:49:24","Montaña","21,05 km","1:00:52","20,7 km/h","645","636","142","245","27,0"
"Cycling: Road","2018-07-02 12:11:41","Carretera","19,61 km","48:58","24,0 km/h","379","464","122","173","28,8"
"Cycling: Road","2018-06-30 07:31:12","Carretera","91,55 km","4:30:29","20,3 km/h","2.286","507","134","1.758","24,9"
"Cycling: Road","2018-06-26 10:42:27","Carretera","53,49 km","2:04:37","25,8 km/h","1.262","608","145","680","27,1"
"Cycling: Mountain","2018-06-24 19:26:07","Montaña","17,89 km","51:29","20,8 km/h","546","636","142","188","25,0"
"Cycling: Mountain","2018-06-22 08:43:44","Montaña","20,60 km","59:16","20,9 km/h","556","563","134","188","24,9"
"Cycling: Road","2018-06-19 11:01:07","Carretera","25,36 km","1:08:13","22,3 km/h","542","477","124","386","27,8"
"Cycling: Road","2018-06-18 09:05:02","Carretera","22,82 km","1:01:17","22,3 km/h","430","421","120","142","23,2"
"3 Nacions 2018","2018-06-17 08:01:51","Carretera","138,79 km","5:20:06","26,0 km/h","2.823","529","145","2.142","19,1"
"Cycling: Mountain","2018-06-12 10:33:50","Montaña","17,92 km","53:52","20,0 km/h","477","531","131","220","22,1"
"Cycling: Road","2018-06-11 11:18:19","Carretera","23,92 km","53:47","26,7 km/h","583","650","141","333","24,1"
"Cycling: Mountain","2018-06-10 13:12:20","Montaña","13,73 km","51:59","15,8 km/h","573","661","142","311","26,3"
"Cycling: Mountain","2018-06-08 10:39:41","Montaña","33,40 km","1:54:32","17,5 km/h","1.070","561","140","689","24,0"
"Cycling: Mountain","2018-06-05 10:16:59","Montaña","31,33 km","1:45:17","17,9 km/h","1.008","574","141","632","22,2"
"Cycling: Mountain","2018-06-02 11:00:40","Montaña","17,83 km","47:02","22,7 km/h","430","549","130","148","21,2"
"Cycling: Mountain","2018-05-31 10:10:34","Montaña","25,65 km","1:11:08","21,6 km/h","819","691","145","374","22,1"
"Cycling: Road","2018-05-28 11:48:45","Carretera","4,21 km","15:02","16,8 km/h","99","395","108","0","20,6"
"Cycling: Road","2018-05-27 08:32:20","Carretera","90,06 km","3:03:40","29,4 km/h","1.956","639","148","1.191","21,7"
"Cycling: Road","2018-05-23 09:44:08","Carretera","42,09 km","1:31:05","27,7 km/h","903","595","137","466","20,7"
"Cycling: Mountain","2018-05-22 10:13:07","Montaña","27,75 km","1:17:23","21,5 km/h","670","519","130","389","20,0"
"Cycling: Road","2018-05-19 09:37:40","Carretera","60,47 km","2:09:19","28,1 km/h","1.279","593","139","612","22,3"
"Cycling: Road","2018-05-17 09:18:15","Carretera","53,88 km","2:01:28","26,6 km/h","1.200","593","141","702","19,5"
"Cycling: Road","2018-05-16 11:00:19","Carretera","27,42 km","1:03:10","26,0 km/h","636","604","137","420","20,2"
"Cycling: Road","2018-05-14 11:25:23","Carretera","20,65 km","50:13","24,7 km/h","413","493","123","181","16,2"
"Terra de Remences 2018","2018-05-13 08:05:52","Carretera","99,15 km","3:29:26","28,4 km/h","2.054","588","142","1.227","8,6"
"Cycling: Road","2018-05-12 11:26:12","Carretera","20,33 km","46:40","26,1 km/h","527","678","142","167","19,5"
"Cycling: Mountain","2018-05-08 10:36:40","Montaña","25,90 km","1:16:17","20,4 km/h","659","518","131","245","21,0"
"Cycling: Mountain","2018-05-06 11:22:51","Montaña","43,73 km","2:20:15","18,7 km/h","1.267","542","142","620","16,9"
"Cycling: Road","2018-05-05 11:45:27","Carretera","9,88 km","25:46","23,0 km/h","197","459","118","93","16,8"
"Cycling: Road","2018-05-02 11:18:51","Carretera","39,05 km","1:25:31","27,4 km/h","830","582","141","457","16,2"
"Cycling: Road","2018-05-01 12:03:39","Carretera","16,66 km","43:26","23,0 km/h","318","439","119","166","11,7"
"Cycling: Road","2018-04-30 09:28:44","Carretera","76,35 km","3:05:00","24,8 km/h","1.691","548","140","1.272","15,6"
"Cycling: Mountain","2018-04-29 12:22:05","Montaña","13,23 km","52:25","15,1 km/h","492","563","140","321","15,1"
"Cycling: Road","2018-04-28 10:24:48","Carretera","37,35 km","1:22:17","27,2 km/h","835","609","143","515","19,9"
"Cycling: Road","2018-04-26 09:08:11","Carretera","54,01 km","1:59:46","27,1 km/h","1.258","630","144","702","18,4"
"Cycling: Mountain","2018-04-24 11:13:34","Montaña","27,65 km","1:20:38","20,6 km/h","710","528","136","386","23,8"
"Cycling: Road","2018-04-22 11:02:35","Carretera","61,06 km","2:13:10","27,5 km/h","1.342","605","143","601","21,4"
"Cycling: Mountain","2018-04-17 09:05:09","Montaña","29,48 km","1:29:36","19,7 km/h","803","538","136","466","17,4"
"Cycling: Road","2018-04-15 08:03:41","Carretera","96,14 km","3:57:22","24,3 km/h","2.282","577","147","1.770","13,1"
"Cycling: Road","2018-04-12 10:28:14","Carretera","43,01 km","1:50:32","23,3 km/h","979","531","138","698","11,4"
"Cycling: Mountain","2018-04-10 11:27:20","Montaña","26,66 km","1:24:40","18,9 km/h","621","440","122","225","14,4"
"Cycling: Mountain","2018-04-04 10:52:01","Montaña","16,71 km","1:02:05","16,2 km/h","660","638","144","336","17,7"
"Cycling: Mountain","2018-04-02 18:44:16","Montaña","10,96 km","35:36","18,5 km/h","295","497","123","60","14,2"
"Cycling: Road","2018-04-01 10:37:42","Carretera","60,36 km","2:16:51","26,5 km/h","1.350","592","144","621","13,4"
"Cycling: Mountain","2018-03-31 18:43:48","Montaña","17,14 km","49:02","21,0 km/h","593","726","145","157","15,2"
"Cycling: Mountain","2018-03-30 11:49:45","Montaña","33,81 km","1:55:27","17,6 km/h","1.057","549","137","704","16,8"
"Cycling: Mountain","2018-03-28 16:59:17","Montaña","14,60 km","47:29","18,5 km/h","471","595","133","150","20,6"
"Cycling: Mountain","2018-03-26 11:09:33","Montaña","9,04 km","31:38","17,2 km/h","250","474","117","118","12,5"
"Cycling: Mountain","2018-03-25 10:37:06","Montaña","32,52 km","2:04:07","15,7 km/h","1.071","518","131","640","10,6"
"Cycling: Mountain","2018-03-22 09:58:28","Montaña","30,67 km","1:48:29","17,0 km/h","1.127","623","140","680","10,5"
"Cycling: Mountain","2018-03-21 09:58:14","Montaña","32,86 km","1:56:28","16,9 km/h","1.143","589","141","639","11,2"
"Cycling: Mountain","2018-03-19 11:03:09","Montaña","16,40 km","1:03:02","15,6 km/h","595","566","135","250","13,0"
"Cycling: Mountain","2018-03-19 10:34:34","Montaña","5,48 km","19:42","16,7 km/h","234","713","139","152","11,0"
"Cycling: Mountain","2018-03-18 09:08:18","Montaña","17,30 km","50:15","20,7 km/h","476","568","129","132","8,9"
"Cycling: Mountain","2018-03-15 10:41:46","Montaña","30,64 km","1:47:36","17,1 km/h","1.014","565","138","654","16,4"
"Cycling: Road","2018-03-14 11:20:07","Carretera","8,67 km","21:55","23,7 km/h","180","493","116","48","16,2"
"Cycling: Road","2018-03-12 10:34:33","Carretera","23,71 km","59:05","24,1 km/h","602","611","133","347","14,5"
"Cycling: Mountain","2018-03-11 11:26:32","Montaña","32,48 km","1:41:31","19,2 km/h","986","583","139","506","16,7"
"Cycling: Mountain","2018-03-09 10:52:56","Montaña","33,98 km","1:56:29","17,5 km/h","1.127","580","138","690","16,9"
"Cycling: Mountain","2018-03-07 10:50:59","Montaña","30,64 km","1:30:50","20,2 km/h","879","581","139","340","12,8"
"Cycling: Mountain","2018-03-06 09:06:29","Montaña","47,63 km","3:14:45","14,7 km/h","1.803","555","140","1.210","12,1"
"Cycling: Mountain","2018-03-03 09:16:42","Montaña","16,75 km","48:53","20,6 km/h","537","659","140","113","12,2"
"Cycling: Mountain","2018-03-02 08:41:04","Montaña","15,72 km","59:49","15,8 km/h","654","656","143","338","9,6"
"Cycling: Mountain","2018-02-28 17:30:07","Montaña","21,31 km","1:02:12","20,6 km/h","721","695","150","136","4,9"
"Cycling: Mountain","2018-02-27 08:14:31","Montaña","18,31 km","52:39","20,9 km/h","575","655","144","134","-0,5"
"Cycling: Road","2018-02-25 14:52:45","Carretera","61,47 km","2:40:17","23,0 km/h","1.306","489","132","617","13,2"
"Cycling: Road","2018-02-23 10:43:07","Carretera","46,42 km","1:50:51","25,1 km/h","1.026","555","139","431","7,8"
"Cycling: Road","2018-02-22 11:27:02","Interiores","5,80 km","15:06","23,0 km/h","183","727","146","0","7,9"
"Cycling: Indoor","2018-02-22 11:20:04","Interiores","1,79 km","6:15","17,1 km/h","47","451","113","0","16,0"
"Cycling: Road","2018-02-18 11:48:30","Carretera","42,05 km","1:39:06","25,5 km/h","922","558","139","404","12,5"
"Cycling: Road","2018-02-17 10:33:53","Carretera","36,52 km","1:23:52","26,1 km/h","803","574","137","228","10,8"
"Cycling: Road","2018-02-15 10:45:58","Carretera","23,82 km","58:57","24,2 km/h","629","640","142","342","13,0"
"Cycling: Road","2018-02-13 11:06:24","Carretera","30,08 km","1:15:12","24,0 km/h","661","527","132","375","5,9"
"Cycling: Road","2018-02-11 10:23:11","Carretera","64,26 km","2:39:01","24,2 km/h","1.465","553","140","665","9,6"
"Cycling: Road","2018-02-09 09:43:15","Carretera","29,15 km","1:19:07","22,1 km/h","760","576","135","527","2,2"
"Cycling: Road","2018-02-08 09:59:36","Carretera","51,85 km","2:18:36","22,4 km/h","1.225","530","138","574","3,1"
"Cycling: Mountain","2018-02-06 09:06:26","Montaña","31,87 km","1:54:58","16,6 km/h","1.033","539","136","584","6,9"
"Cycling: Road","2018-02-03 15:08:32","Carretera","39,83 km","1:33:04","25,7 km/h","889","573","138","269","10,5"
"Cycling: Road","2018-02-01 09:02:09","Carretera","26,27 km","1:04:38","24,4 km/h","643","597","138","205","6,0"
"Cycling: Road","2018-01-30 09:38:08","Carretera","18,87 km","48:00","23,6 km/h","492","615","133","218","9,3"
"Cycling: Road","2018-01-27 09:05:57","Carretera","20,12 km","50:48","23,8 km/h","486","574","134","172","6,4"
"Cycling: Road","2018-01-26 11:24:57","Carretera","20,43 km","1:10:20","17,4 km/h","633","540","131","0","7,2"
"Cycling: Road","2018-01-24 09:41:31","Carretera","100,35 km","3:59:17","25,2 km/h","1.970","494","137","699","14,4"
"Cycling: Road","2018-01-21 11:04:19","Carretera","60,90 km","2:29:51","24,4 km/h","1.161","465","130","378","15,1"
"Cycling: Road","2018-01-20 10:53:55","Carretera","37,04 km","1:28:28","25,1 km/h","738","501","129","246","10,6"
"Cycling: Mountain","2018-01-19 10:02:35","Montaña","32,42 km","1:43:36","18,8 km/h","774","448","126","361","6,6"
"Cycling: Mountain","2018-01-16 10:31:13","Montaña","29,40 km","1:48:17","16,3 km/h","799","443","126","304","12,3"
"Cycling: Road","2018-01-14 10:34:03","Carretera","96,13 km","3:57:35","24,3 km/h","1.847","466","135","698","10,4"
"Cycling: Mountain","2018-01-13 16:20:29","Montaña","19,12 km","1:09:51","16,4 km/h","654","562","135","214","11,1"
"Cycling: Road","2018-01-12 09:53:03","Carretera","52,47 km","2:07:26","24,7 km/h","1.063","501","133","335","7,1"
"Cycling: Road","2018-01-10 09:30:26","Carretera","27,93 km","1:13:58","22,7 km/h","615","499","130","224","7,0"
"Cycling: Road","2018-01-06 11:18:11","Carretera","36,58 km","1:30:58","24,1 km/h","739","487","129","254","12,6"
"Cycling: Road","2018-01-04 08:43:05","Carretera","19,17 km","51:14","22,4 km/h","411","481","123","119","14,5"
"Cycling: Road","2017-12-27 10:35:45","Carretera","42,14 km","1:52:59","22,4 km/h","982","522","134","434","11,3"
"Cycling: Road","2017-12-25 11:26:39","Carretera","23,54 km","1:03:45","22,2 km/h","424","399","116","155","10,0"
"Cycling: Road","2017-12-24 10:07:26","Carretera","100,56 km","3:57:28","25,4 km/h","1.985","502","138","717","10,6"
"Cycling: Road","2017-12-23 12:17:42","Carretera","38,80 km","1:40:19","23,2 km/h","922","551","137","519","13,1"
"Cycling: Road","2017-12-21 12:12:40","Carretera","24,98 km","1:00:32","24,8 km/h","603","598","137","138","13,6"
"Cycling: Road","2017-12-20 08:42:47","Carretera","21,05 km","53:49","23,5 km/h","550","613","138","131","4,9"
"Cycling: Road","2017-12-18 10:52:05","Carretera","24,67 km","1:03:07","23,5 km/h","631","600","138","205","7,0"
"1:00 65-70%","2017-12-15 11:20:50","Carretera","24,05 km","59:31","24,2 km/h","479","483","125","151","13,8"
"1:00 65-70%","2017-12-13 16:12:46","Carretera","23,23 km","1:01:44","22,6 km/h","526","511","128","142","10,7"
"2:00 65-70%","2017-12-12 10:10:02","Carretera","44,31 km","1:59:42","22,2 km/h","952","477","130","277","8,7"
"0:30 rodillo 65-70%","2017-12-11 10:03:19","Entrenador","8,98 km","30:14","17,8 km/h","267","530","126","1","15,5"
"3:00 70-75%","2017-12-10 11:07:52","Carretera","75,32 km","3:01:50","24,9 km/h","1.505","497","137","596","15,1"
"2:00 70-75%","2017-12-08 11:06:53","Carretera","50,69 km","1:59:39","25,4 km/h","1.127","565","138","362","10,0"
"1:00 70-75%","2017-12-07 08:40:16","Carretera","24,60 km","1:01:21","24,1 km/h","616","602","136","154","5,2"
"1:00 70-75%","2017-12-05 09:21:28","Carretera","22,37 km","56:39","23,7 km/h","582","616","138","162","5,5"
"1:00 65-70%","2017-12-04 16:12:19","Carretera","20,09 km","58:06","20,7 km/h","479","495","128","171","12,0"
"2:30 65-70% + 1:00 70-75%","2017-12-03 11:22:05","Carretera","60,13 km","2:32:18","23,7 km/h","1.252","493","134","482","11,0"
"1:00 65-70%","2017-12-01 09:33:19","Carretera","20,77 km","56:33","22,0 km/h","474","503","128","178","5,7"
"2:00 65-70% + 2x15' 70-75%","2017-11-30 09:41:53","Carretera","50,11 km","2:03:18","24,4 km/h","993","483","131","307","8,3"
"1:00 65-70%","2017-11-27 15:46:29","Carretera","21,73 km","1:00:50","21,4 km/h","512","505","129","198","12,6"
"1:50 65-70%","2017-11-26 12:02:24","Carretera","42,13 km","1:49:20","23,1 km/h","867","476","130","254","13,1"
"1:30 65-70%","2017-11-25 13:15:28","Carretera","36,29 km","1:32:45","23,5 km/h","761","492","128","224","16,6"
"1:00 65-70%","2017-11-24 08:04:27","Carretera","22,71 km","1:03:09","21,6 km/h","526","500","127","182","11,1"
"1:00 65-70%","2017-11-20 16:02:07","Carretera","24,27 km","1:04:50","22,5 km/h","591","547","132","152","16,4"
"1:30 65-70%","2017-11-16 10:55:53","Carretera","34,77 km","1:29:02","23,4 km/h","713","481","128","227","14,4"
"1:30 65-70%","2017-11-14 09:44:05","Carretera","34,52 km","1:31:06","22,7 km/h","727","479","129","201","12,1"
"2:00 65-70%","2017-11-13 09:30:11","Carretera","40,52 km","2:01:12","20,1 km/h","914","452","130","335","14,6"
"Cycling: Road","2017-11-01 11:44:45","Carretera","20,78 km","51:22","24,3 km/h","568","664","140","177","18,5"
"Cycling: Road","2017-10-29 12:51:04","Carretera","0,00 km","0:02","","0","465","81","0","19,0"
"Cycling: Road","2017-10-15 11:05:22","Carretera","42,10 km","1:38:39","25,6 km/h","1.159","705","148","477","23,1"
"Cycling: Mountain","2017-10-07 18:08:02","Montaña","20,76 km","1:04:05","19,4 km/h","800","749","156","284","19,1"
"Estrenant la Cannondale!","2017-10-04 10:07:03","Montaña","20,79 km","1:06:55","18,6 km/h","","","","148","21,6"
"Cycling: Road","2017-09-24 10:13:22","Carretera","42,24 km","1:50:53","22,9 km/h","971","525","129","358","21,2"
"Cycling: Road","2017-08-21 16:12:11","Carretera","40,15 km","1:34:40","25,5 km/h","944","598","136","250","27,6"
"Cycling: Road","2017-08-19 17:23:27","Carretera","22,58 km","57:43","23,5 km/h","625","650","143","300","26,6"
"Cycling: Road","2017-08-18 18:43:52","Carretera","20,04 km","46:05","26,1 km/h","532","693","144","153","30,7"
"Cycling: Road","2017-08-16 11:16:32","Carretera","30,71 km","1:15:42","24,3 km/h","823","652","144","371","26,9"
"Cycling: Road","2017-08-13 15:21:25","Carretera","40,53 km","1:36:38","25,2 km/h","987","613","138","253","27,9"
"Cycling: Road","2017-08-11 11:30:00","Carretera","23,63 km","58:52","24,1 km/h","666","679","143","329","23,1"
"Calor i cantilevers","2017-08-01 08:54:02","Montaña","24,11 km","1:21:45","17,7 km/h","","","","329","25,9"
"Biking","2017-07-21 11:34:26","Carretera","19,56 km","53:27","22,0 km/h","452","507","125","177","24,3"
"Basura sobre rodes","2017-07-18 09:33:48","Montaña","19,73 km","1:10:06","16,9 km/h","","","135","187","27,3"
"Biking","2017-07-18 09:33:48","Montaña","19,69 km","1:10:02","16,9 km/h","690","591","136","187","27,3"
"Estirant les potes amb el ferro","2017-06-30 11:04:26","Montaña","19,41 km","1:10:00","16,6 km/h","","","","141","23,8"
"Biking","2017-06-14 11:11:06","Ciclismo","19,42 km","53:52","21,6 km/h","485","540","123","173","30,2"
"Biking","2017-05-31 09:50:21","Ciclismo","31,32 km","3:00:45","10,4 km/h","1.682","558","142","1.435","18,9"
"Biking","2017-05-30 17:10:44","Ciclismo","17,87 km","2:12:45","8,1 km/h","1.205","545","141","907","19,9"
"Biking","2017-05-30 09:12:21","Ciclismo","37,44 km","2:36:17","14,4 km/h","1.552","596","142","1.167","17,3"
"Biking","2017-05-25 11:29:53","Ciclismo","19,70 km","47:31","24,9 km/h","446","563","128","151","28,3"
"Biking","2017-05-22 18:11:47","Montaña","11,42 km","1:03:25","10,8 km/h","636","602","150","286","21,6"
"Biking","2017-05-19 15:21:27","Montaña","16,85 km","1:04:58","15,6 km/h","553","511","128","157","19,8"
"Biking","2017-05-18 09:31:42","Ciclismo","40,69 km","1:44:23","23,4 km/h","868","499","127","402","20,3"
"Terra de Remences 2017","2017-05-14 08:04:17","Ciclismo","95,30 km","3:10:58","29,9 km/h","2.194","689","150","1.102","20,2"
"Biking","2017-05-10 09:35:07","Ciclismo","61,05 km","2:19:47","26,2 km/h","1.344","577","135","549","19,2"
"Biking","2017-05-08 15:24:01","Ciclismo","40,82 km","1:37:45","25,1 km/h","1.010","620","141","205","21,7"
"Biking","2017-05-04 15:12:16","Ciclismo","60,82 km","2:32:52","23,9 km/h","1.535","602","139","552","19,5"
"Biking","2017-05-03 09:38:24","Montaña","19,30 km","1:10:25","16,4 km/h","525","447","","121","15,0"
"Biking","2017-05-01 09:27:37","Ciclismo","19,80 km","47:46","24,9 km/h","478","600","133","157","13,4"
"Biking","2017-04-17 09:10:39","Ciclismo","114,42 km","4:35:03","25,0 km/h","3.133","683","145","1.729","19,5"
"Biking","2017-04-14 10:15:18","Ciclismo","57,13 km","2:46:38","20,6 km/h","1.634","588","134","1.156","21,5"
"Biking","2017-04-12 09:14:44","Ciclismo","45,25 km","1:53:21","24,0 km/h","1.066","564","131","526","17,0"
"Biking","2017-04-09 10:14:11","Ciclismo","64,94 km","2:30:35","25,9 km/h","1.619","645","140","744","19,1"
"Biking","2017-04-07 15:46:44","Ciclismo","47,17 km","1:50:59","25,5 km/h","1.193","645","140","596","18,6"
"Biking","2017-04-05 09:07:16","Ciclismo","60,25 km","2:20:15","25,8 km/h","1.518","649","141","545","14,0"
"Biking","2017-04-03 17:15:23","Montaña","28,35 km","1:29:04","19,1 km/h","846","570","131","365","19,7"
"Biking","2017-03-29 17:17:51","Ciclismo","48,29 km","1:59:05","24,3 km/h","1.082","545","128","593","19,8"
"Biking","2017-03-26 11:26:16","Ciclismo","61,00 km","2:18:25","26,4 km/h","1.463","634","139","550","16,1"
"Biking","2017-03-22 16:05:05","Ciclismo","40,59 km","1:34:37","25,7 km/h","927","588","133","393","15,7"
"Biking","2017-03-19 14:11:34","Ciclismo","4,48 km","8:27","31,8 km/h","80","568","131","0","20,6"
"Biking","2017-03-19 08:31:33","Ciclismo","142,15 km","5:37:16","25,3 km/h","4.295","764","154","2.602","17,8"
"Biking","2017-03-15 15:29:00","Ciclismo","44,07 km","1:41:52","26,0 km/h","996","587","133","458","18,0"
"Biking","2017-03-13 15:37:18","Ciclismo","37,03 km","1:28:38","25,1 km/h","833","564","130","202","17,3"
"Biking","2017-03-12 09:42:36","Ciclismo","82,29 km","3:46:42","21,8 km/h","2.474","655","142","1.668","16,8"
"Biking","2017-03-10 16:07:56","Ciclismo","60,63 km","2:21:55","25,6 km/h","1.665","704","147","543","21,2"
"Biking","2017-03-08 15:45:02","Ciclismo","34,96 km","1:27:03","24,1 km/h","960","662","142","467","16,4"
"Biking","2017-03-07 16:05:35","Ciclismo","44,02 km","1:41:50","25,9 km/h","1.071","631","138","457","13,8"
"Biking","2017-03-03 15:51:07","Ciclismo","29,62 km","1:04:35","27,5 km/h","642","596","134","266","14,4"
"Biking","2017-03-01 16:04:13","Ciclismo","55,35 km","2:00:29","27,6 km/h","1.214","605","135","373","15,0"
"Biking","2017-02-27 15:38:19","Ciclismo","39,34 km","1:29:06","26,5 km/h","813","547","128","192","15,8"
"Biking","2017-02-26 09:17:35","Ciclismo","93,03 km","3:59:08","23,3 km/h","2.327","584","133","1.337","13,8"
"Biking","2017-02-25 15:45:21","Ciclismo","41,55 km","1:32:48","26,9 km/h","997","645","140","463","13,2"
"Biking","2017-02-22 15:59:29","Ciclismo","43,56 km","1:46:31","24,5 km/h","1.092","615","137","701","17,5"
"Biking","2017-02-19 12:22:06","Ciclismo","36,92 km","1:12:30","30,6 km/h","621","514","125","113","14,0"
"Biking","2017-02-19 09:06:21","Carretera","61,05 km","2:53:32","21,1 km/h","2.063","713","148","1.479","12,8"
"Biking","2017-02-17 15:33:32","Carretera","66,21 km","2:28:41","26,7 km/h","1.537","620","137","664","14,7"
"Biking","2017-02-15 15:45:53","Carretera","43,18 km","1:41:50","25,4 km/h","1.128","665","142","608","14,2"
"Biking","2017-02-13 17:50:39","Entrenador","0,00 km","40:01","","339","508","123","0",""
"Biking","2017-02-12 09:32:15","Montaña","60,85 km","3:40:35","16,6 km/h","2.427","660","142","1.492","13,5"
"Biking","2017-02-10 15:39:00","Ciclismo","52,39 km","2:01:18","25,9 km/h","1.278","632","138","542","11,4"
"Biking","2017-02-09 15:26:11","Ciclismo","49,73 km","1:54:21","26,1 km/h","1.266","664","142","589","12,3"
"Biking","2017-02-07 15:51:09","Ciclismo","37,55 km","1:27:31","25,7 km/h","792","543","128","184","14,8"
"Biking","2017-02-05 09:11:52","Ciclismo","89,36 km","3:42:03","24,1 km/h","2.589","700","147","1.293","11,2"
"Biking","2017-02-01 16:06:18","Ciclismo","47,59 km","1:48:13","26,4 km/h","1.195","663","142","576","13,5"
"Biking","2017-01-30 15:30:33","Ciclismo","27,02 km","1:03:27","25,5 km/h","590","558","129","117","14,3"
"Biking","2017-01-29 09:09:09","Ciclismo","64,59 km","2:40:48","24,1 km/h","1.859","694","146","972","9,8"
"Biking","2017-01-28 16:20:01","Ciclismo","23,54 km","54:11","26,1 km/h","646","715","149","327","12,3"
"Biking","2017-01-26 15:27:44","Ciclismo","21,78 km","48:30","26,9 km/h","504","623","138","158","11,5"
"Biking","2017-01-25 14:20:45","Ciclismo","27,61 km","1:07:11","24,7 km/h","732","654","141","460","6,0"
"Biking","2017-01-23 16:00:47","Ciclismo","20,34 km","53:24","22,9 km/h","434","488","122","158","10,5"
"Biking","2017-01-22 10:09:29","Montaña","57,14 km","3:00:26","19,0 km/h","2.008","668","143","687","14,2"
"Biking","2017-01-19 15:09:37","Ciclismo","52,57 km","2:00:38","26,1 km/h","1.216","605","135","273","14,4"
"Biking","2017-01-18 15:18:56","Ciclismo","52,07 km","2:02:33","25,5 km/h","1.349","660","142","531","6,6"
"Biking","2017-01-16 15:23:31","Ciclismo","23,55 km","1:01:59","22,8 km/h","533","516","124","170","11,3"
"Biking","2017-01-15 10:12:06","Ciclismo","100,39 km","3:33:37","28,2 km/h","2.377","668","143","558","9,5"
"Biking","2017-01-14 09:23:26","Ciclismo","44,64 km","1:34:45","28,3 km/h","1.032","654","141","202","6,4"
"Biking","2017-01-12 09:07:17","Ciclismo","84,20 km","3:46:25","22,3 km/h","2.397","635","139","1.132","12,2"
"Biking","2017-01-09 16:03:45","Carretera","20,31 km","52:09","23,4 km/h","504","580","132","161","11,4"
"Biking","2017-01-08 10:58:23","Ciclismo","90,44 km","3:32:34","25,5 km/h","2.302","650","141","882","13,8"
"Biking","2017-01-06 09:44:03","Ciclismo","100,83 km","3:43:18","27,1 km/h","2.414","649","140","531","9,2"
"Biking","2017-01-02 15:42:29","Ciclismo","35,38 km","1:28:49","23,9 km/h","840","567","130","183","14,6"
"Biking","2017-01-01 09:31:47","Ciclismo","77,99 km","2:58:59","26,1 km/h","1.907","639","139","545","8,2"
"Biking","2016-12-31 09:11:08","Ciclismo","45,22 km","1:49:19","24,8 km/h","1.184","650","141","482","8,7"
"Biking","2016-12-30 15:11:55","Ciclismo","54,30 km","2:05:06","26,0 km/h","1.389","666","143","462","13,2"
"Biking","2016-12-29 09:51:27","Ciclismo","43,65 km","1:45:50","24,7 km/h","1.172","664","143","409","9,4"
"Biking","2016-12-27 10:10:48","Ciclismo","53,87 km","2:00:26","26,8 km/h","1.385","690","145","402","12,7"
"Biking","2016-12-26 11:19:02","Ciclismo","20,21 km","51:39","23,5 km/h","494","574","131","159","14,1"
"Biking","2016-12-25 09:31:00","Ciclismo","100,27 km","3:38:59","27,5 km/h","2.613","716","148","541","10,6"
"Biking","2016-12-24 10:31:26","Ciclismo","32,89 km","1:16:02","26,0 km/h","911","719","149","300","8,8"
"Biking","2016-12-23 14:58:45","Ciclismo","60,26 km","2:12:12","27,4 km/h","1.561","708","148","319","17,0"
"Biking","2016-12-21 14:59:40","Ciclismo","46,22 km","1:43:28","26,8 km/h","1.198","695","146","201","16,9"
"Biking","2016-12-20 14:50:04","Ciclismo","47,96 km","1:47:56","26,7 km/h","1.244","692","146","152","13,0"
"Ciclismo: Carretera","2016-12-18 10:12:55","Ciclismo","100,24 km","3:48:57","26,3 km/h","2.695","706","147","555","11,2"
"Ciclismo: Carretera","2016-12-16 15:16:53","Ciclismo","47,54 km","1:51:08","25,7 km/h","1.264","682","144","199","14,6"
"Ciclismo: Carretera","2016-12-14 15:14:23","Ciclismo","54,33 km","2:06:43","25,7 km/h","1.491","706","147","208","15,2"
"Biking","2016-12-12 15:08:45","Carretera","46,62 km","1:45:38","26,5 km/h","1.214","690","145","183","16,2"
"Biking","2016-12-09 09:18:54","Carretera","56,29 km","2:28:48","22,7 km/h","1.456","587","133","218","11,8"
"Biking","2016-12-08 11:03:11","Carretera","39,90 km","1:42:20","23,4 km/h","986","578","132","203","13,8"
"Biking","2016-12-07 10:21:06","Carretera","41,66 km","1:55:31","21,6 km/h","1.150","597","134","194","13,8"
"Biking","2016-12-05 10:17:32","Carretera","44,59 km","1:56:09","23,0 km/h","1.120","579","132","198","13,8"
"Biking","2016-12-03 15:50:30","Carretera","36,51 km","1:35:05","23,0 km/h","921","581","132","184","11,1"
"Biking","2016-12-02 15:21:59","Carretera","69,53 km","2:58:14","23,4 km/h","1.682","566","130","276","12,6"
"Biking","2016-12-01 15:30:52","Carretera","46,54 km","2:00:35","23,2 km/h","1.141","568","130","184","12,2"
"Biking","2016-11-29 16:26:33","Carretera","20,21 km","55:16","21,9 km/h","523","568","130","143","12,3"
"Biking","2016-11-28 15:04:41","Carretera","48,26 km","2:02:45","23,6 km/h","1.159","567","130","197","12,9"
"Biking","2016-11-27 10:15:27","Carretera","55,72 km","2:45:03","20,3 km/h","1.656","602","134","236","14,2"
"Biking","2016-11-25 15:09:15","Carretera","45,47 km","1:59:47","22,8 km/h","1.126","564","130","207","12,1"
"Biking","2016-11-24 15:23:26","Carretera","43,38 km","1:54:06","22,8 km/h","1.068","562","130","206","13,4"
"Biking","2016-11-22 10:08:17","Carretera","43,87 km","2:05:15","21,0 km/h","1.222","585","132","207","16,4"
"Biking","2016-11-20 12:03:49","Carretera","56,06 km","2:21:25","23,8 km/h","1.316","558","129","204","17,7"
"Biking","2016-11-18 10:20:38","Carretera","44,46 km","2:03:03","21,7 km/h","1.192","581","132","210","17,1"
"Biking","2016-11-16 10:18:54","Carretera","36,82 km","1:42:36","21,5 km/h","996","582","132","203","12,9"
"Biking","2016-11-14 10:31:19","Carretera","36,66 km","1:42:48","21,4 km/h","1.026","599","134","181","14,7"
"Biking","2016-11-13 12:01:18","Carretera","34,20 km","1:47:07","19,2 km/h","949","532","126","187","16,2"
"Biking","2016-11-11 10:10:59","Carretera","34,30 km","1:46:51","19,3 km/h","930","522","125","188","11,3"
"Biking","2016-11-09 10:09:04","Carretera","27,08 km","1:31:21","17,8 km/h","796","523","125","84","15,1"
"Biking","2016-11-07 10:21:46","Carretera","30,92 km","1:32:56","20,0 km/h","773","499","122","165","10,9"
"Biking","2016-11-06 10:37:28","Carretera","49,96 km","2:22:21","21,1 km/h","1.304","550","128","231","13,1"
"Biking","2016-11-04 10:40:14","Carretera","45,93 km","2:01:37","22,7 km/h","1.055","520","125","242","18,2"
"Biking","2016-11-01 10:17:13","Carretera","34,11 km","1:35:28","21,4 km/h","851","535","126","189","20,2"
"Biking","2016-10-30 10:47:11","Carretera","53,05 km","2:22:37","22,3 km/h","1.481","623","137","413","19,5"
"Biking","2016-10-29 17:03:18","Carretera","34,77 km","1:35:22","21,9 km/h","974","613","136","177","18,3"
"Biking","2016-10-25 10:33:13","Carretera","27,76 km","1:20:23","20,7 km/h","780","582","132","152","18,6"
"Biking","2016-10-24 10:31:21","Carretera","39,87 km","1:47:13","22,3 km/h","977","547","128","184","19,2"
"Biking","2016-10-23 11:26:27","Carretera","44,46 km","2:03:10","21,7 km/h","1.266","617","136","180","20,3"
"Biking","2016-10-22 17:27:43","Carretera","33,47 km","1:30:18","22,2 km/h","892","593","133","256","16,5"
"Biking","2016-10-19 16:20:32","Carretera","38,82 km","1:34:49","24,6 km/h","960","607","135","177","18,5"
"Biking","2016-10-17 15:05:22","Carretera","38,92 km","1:33:45","24,9 km/h","874","559","129","168","21,3"